tid,name,club,GK,CA,PA,rep,positions,Aerial,Crossing,Dribbling,Shooting,Passing,Tackling,Technique,Aggression,Creativity,Decisions,Leadership,Movement,Positioning,Teamwork,Pace,Stamina,Strength,Agility,Handling,Kicking,Reflexes,Communication,Throwing
23631,#23631,Altay,,130,135,5946,MC/DMC/DR/MR/DMR/DC,10,7,12,7,11,14,9,19,12,15,7,10,14,17,13,17,15,14,1,3,1,3,3
14960,#14960,Altay,,125,125,5241,ST/AML/AMR,12,8,14,18,10,6,13,12,11,13,5,16,5,14,15,16,15,15,1,2,1,1,2
14250,#14250,Altay,,120,126,4505,DMC/MC/DC/AMC/ML/MR,14,7,11,9,11,15,10,16,9,13,12,6,14,17,12,14,14,12,1,2,2,2,2
5641,#5641,Altay,,120,142,4892,ST/AML,13,9,11,17,10,6,12,10,10,12,13,11,11,13,12,14,14,11,1,2,1,2,2
6558,#6558,Altay,,119,125,5513,DL/DC/DMC/DML,14,11,10,9,11,13,9,11,6,13,10,9,12,12,13,11,13,11,1,3,1,2,3
27673,#27673,Altay,Y,115,124,4991,GK,15,2,2,1,10,3,9,5,11,11,12,4,11,10,11,8,10,12,15,10,14,8,10
20400,#20400,Pendikspor Futbol A.Ş.,,110,120,5222,ST/AMC/AML/AMR,8,10,13,16,11,3,14,12,12,13,12,12,4,12,12,10,9,12,1,3,1,1,2
20962,#20962,Altay,,110,120,4606,MC/DMC,10,11,8,8,11,12,9,14,11,13,10,8,12,15,9,13,13,12,1,1,1,1,4
21003,#21003,Pendikspor Futbol A.Ş.,,110,120,5403,AML/AMR/ML/MR/AMC,6,13,15,15,11,6,13,12,11,11,8,13,5,11,16,11,6,15,1,3,1,1,1
21305,#21305,Altay,,110,115,5442,DR/MR/AMR/DMR,7,12,11,7,11,10,13,8,9,13,9,9,8,11,13,13,8,15,1,2,1,2,3
22114,#22114,24Erzincanspor,,110,118,5463,ST/AMC,9,6,12,17,8,6,13,7,10,11,6,14,8,7,12,9,10,12,2,3,2,1,3
22669,#22669,Pendikspor Futbol A.Ş.,Y,110,111,5208,GK,12,4,3,5,10,5,8,5,9,10,5,2,7,8,9,8,9,10,11,9,15,7,7
24872,#24872,Pendikspor Futbol A.Ş.,,110,120,5434,AMR/AML/AMC/ML/MR/ST,7,11,14,14,11,6,15,10,13,12,7,12,6,9,12,10,11,12,1,1,1,1,3
28868,#28868,Eskişehirspor,,110,145,4030,DC,12,5,9,7,9,9,11,14,10,11,11,12,11,11,11,12,10,9,3,2,2,4,4
14043,#14043,Altay,,107,120,4759,AMR/AML/ML/MR/ST/AMC,10,13,15,12,10,6,14,11,12,10,4,12,7,9,15,12,8,15,1,2,1,1,1
8516,#8516,Altay,,107,125,5315,DMC/MC/DC,14,9,5,8,11,11,10,13,11,13,14,12,14,17,8,11,15,8,1,2,1,1,3
2023,#2023,Nazilli Belediyespor,Y,105,145,4968,GK,12,1,1,1,7,1,7,13,1,12,13,2,13,10,9,11,9,11,14,11,10,7,8
20568,#20568,Pendikspor Futbol A.Ş.,,105,115,4916,AMC/MC/ML/AML/MR/AMR,5,12,11,13,11,4,15,6,12,11,6,12,8,11,10,10,6,13,1,2,2,2,3
20738,#20738,Eskişehirspor,Y,105,120,5185,GK,14,1,2,1,9,2,8,13,5,11,11,1,6,12,9,12,13,13,14,10,12,7,10
21754,#21754,Şanlıurfaspor,,105,122,4826,DMC/MC/DC,12,8,8,9,11,14,11,16,9,13,7,8,14,13,11,12,13,10,1,1,1,3,3
27441,#27441,Altay,,105,125,5237,DC/DR/DL,10,11,10,8,9,9,13,9,9,10,11,8,9,11,12,14,11,9,1,2,2,1,3
32635,#32635,Akhisarspor,,105,120,5001,DL/DML,8,8,9,7,9,14,8,15,9,15,10,6,7,9,13,7,8,11,1,4,2,2,3
5588,#5588,Altay,,105,105,4373,DMC/MC,8,8,8,11,13,10,15,15,8,14,12,9,11,12,11,11,6,11,1,3,2,1,3
16030,#16030,Altay,,102,121,4595,ST/AMC,11,3,10,15,7,2,14,5,4,13,7,15,8,7,6,6,10,12,1,2,1,1,1
23656,#23656,Ankara Demirspor,,101,109,4276,ST/AMR/AML,10,7,10,16,11,5,10,9,10,11,10,12,4,11,15,12,16,13,1,1,1,1,1
14037,#14037,Kırklarelispor,,100,105,3909,DC/DL,14,9,8,6,7,14,8,12,5,12,10,6,12,12,7,11,14,6,1,1,1,1,2
20428,#20428,Ankara Demirspor,Y,100,105,4888,GK,11,1,3,1,6,2,8,9,2,11,12,1,12,13,5,10,11,10,13,10,13,10,10
20953,#20953,Altay,Y,100,105,4378,GK,13,1,3,1,9,1,11,8,8,12,8,1,10,10,11,13,12,12,12,10,11,8,6
20979,#20979,Şanlıurfaspor,,100,110,4823,DL/DML/ML/AML/MR/AMR/AMC,11,12,11,10,8,10,13,10,9,10,2,9,6,11,12,12,13,11,1,1,1,1,1
21083,#21083,Kırşehir Belediye Spor,,100,105,4688,MC/DMC/ML/AMC,6,12,13,7,11,9,13,16,10,11,10,11,9,15,12,10,7,14,1,1,1,1,3
21194,#21194,Pendikspor Futbol A.Ş.,,100,105,4587,DR/MR/DMR/AMR,8,12,10,6,9,10,10,10,10,12,6,12,8,12,14,14,9,13,1,1,1,1,2
21210,#21210,Şanlıurfaspor,,100,110,4504,ST,12,6,10,17,7,5,12,7,8,11,8,13,6,7,12,9,12,11,1,1,2,1,2
21342,#21342,Tarsus İdman Yurdu,,100,110,4623,AMC/MC/ML/AML/DMC,8,11,14,12,11,6,13,11,10,9,7,10,5,12,13,10,10,11,1,3,1,1,3
21373,#21373,Pendikspor Futbol A.Ş.,,100,110,4910,MC/DMC/AMC/ML/AML,9,11,10,9,11,9,14,13,11,12,10,12,8,12,10,9,7,12,1,2,1,1,3
21404,#21404,Eskişehirspor,Y,100,100,4284,GK,13,1,2,1,6,2,9,6,9,13,5,1,13,10,8,12,12,10,10,10,12,7,9
21413,#21413,Şanlıurfaspor,,100,115,4821,AMR/AML/MR/ML,8,11,14,9,9,6,12,10,11,11,9,13,5,10,15,8,6,14,2,3,1,2,3
21414,#21414,Pendikspor Futbol A.Ş.,,100,115,4812,DL/DML/ML,7,10,9,13,9,10,10,15,6,11,7,10,7,15,12,14,11,13,1,3,1,2,3
21812,#21812,Karacabey Belediye Spor A.Ş.,,100,118,5053,AMR/AML/MR/ML,8,11,14,11,11,5,13,7,12,13,5,10,5,9,12,10,9,12,1,3,2,2,1
21915,#21915,Tarsus İdman Yurdu,,100,125,4853,DMC/DC/MC/DL,12,10,9,6,12,13,10,11,10,11,7,7,16,13,11,10,9,9,1,1,1,2,2
22117,#22117,Pendikspor Futbol A.Ş.,,100,104,4798,ST,11,7,9,15,9,5,11,8,9,11,6,11,8,11,11,10,11,11,1,1,1,1,3
22177,#22177,24Erzincanspor,,100,109,5223,MC/AMC/DMC,7,8,13,12,10,8,13,12,11,12,7,11,5,11,12,11,9,14,1,1,1,1,1
22641,#22641,1922 Konyaspor,,100,116,4182,DMC/MC/AMC/ML/AML,11,5,5,11,9,13,10,7,11,15,10,11,11,10,11,10,9,10,3,3,1,2,2
28458,#28458,Akhisarspor,,100,155,4961,AMR/AMC/MR/ML/MC/AML,4,14,15,9,13,5,14,8,13,10,5,11,7,8,12,10,7,13,3,2,1,3,2
32659,#32659,Eskişehirspor,,100,116,4774,DC/DR,11,7,8,5,5,15,6,8,7,14,1,4,14,6,13,8,7,13,2,3,2,2,5
21940,Ahmet Sun,Bucaspor 1928,,100,107,4579,AML/ML/MR/AMR,9,11,13,7,13,6,11,7,10,13,9,17,6,9,12,12,4,11,2,3,1,1,3
27224,#27224,Eskişehirspor,,99,114,4848,AMC/MC/ST/DMC/MR/AML/AMR/ML,8,9,8,12,9,9,14,8,9,12,10,11,11,12,12,12,12,12,1,1,1,2,2
27756,#27756,Pendikspor Futbol A.Ş.,,99,108,4541,DC/DMC/DR/MC/DL,14,5,5,6,7,15,10,5,8,13,11,7,12,10,10,16,11,12,1,2,1,1,3
20433,#20433,Pazarspor,,95,110,3907,ST,12,6,9,14,6,1,10,13,6,7,10,13,9,12,10,9,12,11,1,1,1,1,2
20601,#20601,Ankara Demirspor,,95,105,4716,DC,13,5,4,5,7,12,7,13,6,11,9,9,12,13,11,11,13,11,1,4,1,2,1
20674,#20674,Altay,,95,100,4504,DL/ML/DML,9,13,10,7,7,10,12,14,6,10,9,7,10,12,11,12,9,13,1,2,1,1,3
20722,#20722,Tarsus İdman Yurdu,,95,100,4319,DC/DR/DL,9,9,9,5,9,11,9,13,5,12,12,6,9,13,12,11,13,11,1,1,1,1,2
20777,#20777,Amed Sportif Faaliyetler,,95,105,4950,ST/AMR/AML,12,6,12,14,8,6,11,14,9,11,5,13,7,12,14,10,11,13,1,2,1,1,1
20791,#20791,Ankara Demirspor,,95,100,4484,DC/DR,13,5,5,5,9,13,10,16,5,12,9,4,15,11,12,11,13,13,1,2,1,1,2
20797,#20797,Tarsus İdman Yurdu,Y,95,105,4596,GK,15,1,4,2,9,3,11,11,6,11,3,1,13,10,7,6,13,15,12,8,11,7,10
20799,#20799,Tarsus İdman Yurdu,,95,110,4667,ST/AML/AMR,11,9,9,13,8,5,11,5,6,11,10,11,9,6,12,11,11,12,1,2,2,1,3
20838,#20838,Kırklarelispor,,95,105,4782,DMC/DR/MC/DL/DC/DMR/MR/ML,10,10,11,6,11,11,12,11,7,11,11,8,11,12,10,13,12,11,1,2,1,1,2
20892,#20892,Eskişehirspor,,95,95,4732,AMC/MC,5,9,10,9,12,5,14,5,10,13,10,12,7,11,7,8,9,13,1,4,1,1,2
20907,#20907,Tarsus İdman Yurdu,,95,95,3932,DR/MR/DMR,11,9,10,7,5,11,10,15,7,15,11,7,9,9,14,7,8,14,1,1,2,1,2
21023,#21023,Amed Sportif Faaliyetler,,95,120,4905,AMR/AML/MR/ST/ML/DR,11,11,12,11,9,5,11,12,10,11,6,13,8,10,14,10,12,12,1,1,3,2,1
21099,#21099,Kırklarelispor,,95,100,4614,DC/DR,11,5,5,5,6,10,7,12,7,16,7,7,10,11,9,9,10,11,1,4,1,2,1
21274,#21274,24Erzincanspor,,95,115,4268,ST,13,6,9,14,7,5,12,8,10,10,7,12,5,12,12,11,12,12,1,1,2,2,2
21491,#21491,Pendikspor Futbol A.Ş.,,95,100,4042,AMR/AML/AMC/MR/ML/MC,7,11,13,11,12,5,14,5,12,11,7,11,6,9,11,8,5,14,1,2,2,1,2
21561,#21561,Şanlıurfaspor,,95,115,4760,AMR/MR/MC/AMC/ML/AML,5,12,11,9,11,5,13,10,12,10,7,10,6,11,12,11,7,14,1,1,2,1,2
21860,#21860,Kırklarelispor,,95,117,4707,AMR/AML/MR/DR/ML,6,10,12,6,9,9,12,8,9,10,8,11,9,13,15,10,12,13,2,4,1,2,3
21997,#21997,Kırklarelispor,,95,107,4498,DC,15,5,4,6,10,14,8,13,5,11,9,8,12,9,11,10,8,11,1,2,1,2,3
22110,#22110,Tarsus İdman Yurdu,,95,105,4552,AML/AMR/ML/MR/ST,6,10,11,13,9,5,11,8,10,11,7,14,6,10,14,13,7,13,1,1,1,1,2
22519,#22519,Tarsus İdman Yurdu,,95,105,4548,ST/AMC,9,7,10,13,10,4,11,12,11,11,7,10,5,9,11,10,11,9,1,3,2,2,3
22543,#22543,Zonguldak Kömürspor,,95,113,4185,ST,13,5,7,12,9,4,9,11,10,9,7,11,14,13,9,12,13,8,1,3,3,3,3
22684,#22684,Karacabey Belediye Spor A.Ş.,,95,95,4461,AMR/MR,9,12,11,8,9,7,12,7,8,12,11,13,5,8,13,11,5,12,1,1,3,1,1
22694,#22694,Isparta 32 Spor,,95,110,4364,DC,13,5,5,5,10,12,7,12,6,10,5,9,13,9,10,12,15,7,1,3,2,3,3
22765,#22765,Kırklarelispor,,95,123,3287,DMC/MC,8,5,7,7,9,13,10,12,8,14,7,6,13,8,13,11,7,12,2,1,3,2,1
23037,#23037,Isparta 32 Spor,,95,115,3072,AMC/MC/AML/AMR/MR/ML,10,12,12,8,12,6,14,10,12,10,7,10,6,10,11,12,7,14,1,2,1,1,1
25728,#25728,Uşak Spor A.Ş.,,95,121,4263,DMC/MC/DR/DMR/DL/ML/MR/DML/AMR/AML,8,12,9,8,11,8,12,10,9,11,6,9,10,15,11,10,8,13,1,1,1,1,3
26829,#26829,Eskişehirspor,,95,110,3368,MC/AMC/DMC,11,12,9,11,11,7,15,10,12,11,5,10,6,10,10,10,10,12,3,1,2,3,1
28443,#28443,Nazilli Belediyespor,,95,113,4945,DR/DMR/MR,11,11,7,9,11,9,6,11,7,10,6,10,8,9,13,13,14,11,1,4,1,2,4
28465,#28465,Uşak Spor A.Ş.,,95,115,4953,AMR/MR/AML/ML/AMC/ST/MC,5,11,9,11,12,9,11,8,8,10,9,9,10,11,12,9,8,8,3,4,3,3,2
28704,#28704,Akhisarspor,,95,118,4748,AML/AMR/ML,9,10,14,14,8,5,13,12,8,13,4,13,11,9,10,11,11,12,3,3,2,3,3
29882,#29882,Kırşehir Belediye Spor,,95,142,3040,DC,13,5,7,5,9,13,10,13,7,10,5,7,12,8,12,10,10,12,4,3,2,4,3
30669,#30669,1922 Konyaspor,,95,101,3367,AML/ML/ST,3,11,15,6,8,8,10,11,11,12,5,15,7,8,12,10,2,11,4,2,2,1,4
5315,#5315,Akhisarspor,Y,95,112,4810,GK,14,1,2,1,7,1,7,12,4,10,12,1,10,11,7,8,16,14,12,8,11,9,7
21319,Gökhan Köseoğlu,Bucaspor 1928,,95,95,3574,DC/DMC/DL,11,6,11,6,10,10,11,10,9,13,12,6,8,11,10,10,11,11,1,2,2,1,1
20915,Onur Özcan,Bucaspor 1928,,95,95,4388,DC,15,5,5,5,5,14,5,14,5,12,9,8,15,9,9,10,13,10,1,1,1,1,1
15441,#15441,Ankara Demirspor,,94,100,3632,MC/AMC/MR/AMR/DMC,6,11,12,9,11,5,13,7,10,12,6,10,8,12,11,11,7,13,1,1,1,1,2
21017,#21017,Şanlıurfaspor,,94,110,4234,MR/MC/DR/AMC/AMR/DMC/ML/AML,7,9,8,8,12,9,13,8,10,12,8,10,8,11,12,7,7,12,1,1,3,2,1
21248,#21248,Pendikspor Futbol A.Ş.,,94,105,4636,DMC/MC/DC,10,5,7,6,11,12,11,14,10,13,13,8,11,13,9,12,11,11,1,1,1,1,1
27408,#27408,Amed Sportif Faaliyetler,,94,120,5008,AML/AMR/ML/MR/ST,10,12,11,12,10,6,12,14,9,10,7,10,7,8,11,10,7,11,1,1,1,2,2
24999,#24999,Eskişehirspor,,93,111,4736,AMC/MC/AMR/ST/DMC/MR,8,6,11,8,12,6,10,7,9,11,2,12,9,8,14,14,7,14,1,2,1,1,2
28551,#28551,Isparta 32 Spor,,93,93,4091,AML/AMR/ST/AMC,7,12,13,10,6,7,13,7,9,12,3,14,5,8,13,10,8,14,2,3,1,1,3
20720,#20720,Ankara Demirspor,,92,120,4596,AML/AMR/MR/AMC/ML,6,12,13,12,10,5,15,8,11,10,8,11,5,8,11,10,5,14,1,2,2,2,2
22974,#22974,Akhisarspor,,92,92,4712,AML/ML/MR/AMR,5,13,14,10,10,5,12,10,10,9,4,11,4,9,13,11,7,14,1,3,3,1,1
28150,#28150,Isparta 32 Spor,,92,92,4449,MC/DMC/AMC,9,5,8,7,11,10,11,8,11,12,5,10,9,11,11,12,10,10,1,2,1,2,3
28517,#28517,Kırklarelispor,,91,91,4504,AML/ML/MR/AMR/DL,6,13,12,6,9,5,14,12,10,12,4,10,7,9,13,10,7,14,1,1,1,1,1
14114,#14114,Akhisarspor,,90,100,4271,AMC/ST/MC/AML/AMR/ML/MR,9,7,12,9,12,5,12,8,10,11,8,10,5,11,12,12,9,9,2,1,2,1,2
20399,#20399,Pendikspor Futbol A.Ş.,Y,90,120,4180,GK,13,1,1,1,7,1,9,13,6,12,15,1,12,11,4,9,12,12,12,10,10,8,8
20431,#20431,Tarsus İdman Yurdu,,90,100,4569,DC,13,4,4,5,6,12,7,13,5,12,12,8,14,10,9,10,13,10,2,2,1,1,1
20473,#20473,Amed Sportif Faaliyetler,Y,90,105,5080,GK,10,2,3,1,7,2,7,10,6,12,9,1,14,8,8,8,10,10,11,10,11,8,9
20678,#20678,Tarsus İdman Yurdu,,90,90,4569,DC/DR,14,5,5,5,5,15,7,15,5,12,5,6,14,11,10,9,13,10,1,1,1,2,2
20772,#20772,Ankara Demirspor,,90,95,4288,DR/DL/DMR/MR,9,11,10,4,8,11,10,16,6,10,8,8,8,13,13,12,8,14,1,1,1,1,2
20808,#20808,Şanlıurfaspor,Y,90,95,3618,GK,14,2,2,2,8,2,9,9,12,10,8,1,10,12,9,10,11,11,11,11,9,6,8
20896,#20896,Pendikspor Futbol A.Ş.,,90,95,4516,DC/DMC/ST,13,6,6,9,7,12,10,13,4,11,8,8,11,10,12,10,12,12,1,2,1,1,2
20899,#20899,Pazarspor,,90,100,4311,DC/DR/DMC,11,7,8,4,10,12,12,11,7,10,6,6,12,13,11,10,11,11,1,3,1,1,3
20947,#20947,1922 Konyaspor,Y,90,90,4435,GK,10,1,3,3,8,1,7,14,3,11,5,8,12,6,6,7,10,13,11,7,12,8,6
20948,#20948,Kırşehir Belediye Spor,Y,90,90,4166,GK,11,2,2,3,11,2,10,5,4,10,6,1,13,11,10,8,8,13,12,11,14,6,10
20950,#20950,Amed Sportif Faaliyetler,,90,110,4790,DC,14,4,4,5,7,14,7,18,4,11,8,7,13,10,11,12,12,13,1,2,1,2,1
20961,#20961,Ankara Demirspor,,90,105,4640,DMC/MC,8,5,10,6,12,12,12,12,7,12,10,6,11,13,8,11,9,12,1,2,1,2,2
21027,#21027,Kırklarelispor,,90,100,3715,AML/AMR/MR/ML/AMC/DR,5,11,13,9,8,4,13,10,9,13,8,11,7,9,12,8,8,13,2,1,1,2,1
21035,#21035,Şanlıurfaspor,,90,100,4070,DC/DMC/DL/DR,12,5,6,5,8,14,9,10,5,13,6,4,13,8,10,10,14,12,1,2,1,2,2
21037,#21037,Zonguldak Kömürspor,,90,95,1856,AMR/MR/ML/AML,6,11,13,8,9,4,9,10,8,9,10,13,6,10,14,13,5,14,1,1,1,1,2
21057,#21057,Ankara Demirspor,,90,105,3431,DL/DC/MR/DML,5,10,7,5,6,13,6,11,7,12,12,7,9,8,14,14,12,14,1,1,1,1,2
21100,#21100,Zonguldak Kömürspor,,90,110,1772,DL/AML/ML/AMR/DML/MR/DR,6,11,12,9,10,9,13,12,11,10,7,9,6,12,10,9,7,12,1,1,1,3,2
21111,#21111,Tarsus İdman Yurdu,,90,100,4454,MC/DMC/MR/AMC,8,7,9,5,11,10,11,13,9,11,6,8,11,13,10,12,12,14,1,1,1,1,2
21115,#21115,Pendikspor Futbol A.Ş.,,90,110,4410,MC/DMC,6,5,9,8,11,8,13,10,10,12,9,10,9,14,10,13,11,12,1,2,1,1,1
21124,#21124,24Erzincanspor,Y,90,110,4550,GK,11,1,3,1,7,3,8,15,6,9,12,2,15,9,7,10,14,12,13,11,12,9,9
21205,#21205,Ankara Demirspor,,90,110,4701,MC/DMC/DC,11,5,8,9,11,10,12,13,9,12,10,10,11,12,11,12,13,12,1,2,1,1,2
21207,#21207,Tarsus İdman Yurdu,,90,90,4558,DR/DMR/MR/AMR,5,9,10,6,8,10,7,10,5,11,6,10,10,14,15,14,13,13,1,3,1,1,3
21222,#21222,Isparta 32 Spor,,90,90,4023,ST/AML/AMR,7,10,8,12,8,4,8,13,8,12,7,10,5,8,13,12,6,13,1,1,1,1,2
21227,#21227,Amed Sportif Faaliyetler,,90,90,4944,DL/DR/DMC/ML/MC/DML/DMR/MR,7,10,10,5,9,11,11,16,5,11,6,10,5,12,11,11,10,15,1,1,2,1,2
21263,#21263,Karacabey Belediye Spor A.Ş.,,90,110,4668,AML/ML/MR/AMR,7,11,12,8,9,4,14,8,7,14,11,14,5,9,12,13,4,11,2,1,1,1,1
21354,#21354,Amed Sportif Faaliyetler,,90,90,4825,DMC/MC,8,5,7,6,11,14,10,13,8,12,6,7,13,14,11,11,12,12,1,3,2,1,2
21380,#21380,Ankara Demirspor,,90,95,4385,DMC/MC/DC/AMC,12,12,8,7,11,7,14,10,12,11,7,9,7,11,10,9,10,12,1,2,1,2,2
21415,#21415,Tarsus İdman Yurdu,,90,105,4122,AMR/MR/AML/ML/AMC,7,10,12,10,10,4,13,7,10,8,8,12,6,10,12,9,9,12,2,2,2,1,1
21456,#21456,Tarsus İdman Yurdu,,90,105,4087,ST/AML/AMR/ML/MR/AMC,11,11,10,9,9,6,13,12,6,9,6,10,9,11,11,10,12,12,1,2,1,1,1
21457,#21457,Ankara Demirspor,,90,110,4480,AMR/AML/ML/MR,9,11,13,8,9,5,12,5,10,11,4,12,8,12,14,10,8,13,1,1,2,2,3
21485,#21485,Uşak Spor A.Ş.,,90,100,4619,ST,11,6,9,12,10,5,13,10,7,11,8,12,5,8,11,10,11,12,3,3,1,1,2
21506,#21506,Ankara Demirspor,,90,105,4477,AMR/AML/ST/ML/MR,7,11,11,11,10,5,12,10,10,11,6,12,7,11,12,11,10,12,2,1,1,1,2
21638,#21638,Akhisarspor,,90,110,4544,DL/DML/DR/ML,6,9,9,5,11,10,10,7,8,9,6,9,9,13,13,13,7,14,1,2,1,3,3
21717,#21717,Tarsus İdman Yurdu,,90,114,4381,MC/AMC/DMC,5,6,11,8,12,6,15,8,12,11,4,11,7,12,10,11,6,13,1,2,2,2,1
21856,#21856,24Erzincanspor,,90,100,4512,DC/DL,12,4,9,5,13,9,10,8,11,10,12,4,9,10,12,12,12,12,2,2,1,1,2
21969,#21969,1922 Konyaspor,,90,109,3768,DC/DMC,7,6,4,6,5,12,7,8,8,13,10,7,15,9,11,7,10,11,1,3,1,1,2
22150,#22150,Ankara Demirspor,,90,116,4088,ST/AMC/AML/AMR,9,9,11,10,10,5,13,10,10,9,6,10,5,10,12,11,12,12,1,1,1,2,2
22232,#22232,Akhisarspor,,90,119,4587,DC,10,4,4,5,6,11,8,10,7,11,8,8,14,13,9,11,11,9,1,4,2,2,1
22522,#22522,Karacabey Belediye Spor A.Ş.,,90,111,4790,MC/DMC/AMC,8,11,8,6,12,8,13,8,12,12,7,8,9,12,11,9,9,12,2,3,2,2,4
22530,#22530,Tarsus İdman Yurdu,,90,121,4649,DC/DMC,15,5,7,6,11,11,11,12,9,10,7,6,10,12,11,12,14,10,2,1,1,2,3
22559,#22559,Tarsus İdman Yurdu,,90,110,3842,DC/DL/DMC/DR,11,6,9,5,11,9,7,10,9,10,6,5,11,13,11,12,13,12,3,2,1,2,2
22670,#22670,Isparta 32 Spor,,90,90,4477,DMC/MC,9,7,9,8,13,11,12,7,7,11,11,10,11,12,10,12,10,9,1,2,3,2,1
22677,#22677,Akhisarspor,,90,106,3598,DR/DL/DMR,7,8,9,5,9,13,7,7,4,14,1,4,12,10,12,9,9,13,2,1,3,2,3
22746,#22746,Isparta 32 Spor,Y,90,90,3722,GK,9,1,1,2,6,1,1,6,5,11,10,2,9,6,10,5,6,6,13,8,13,5,8
25164,#25164,Karacabey Belediye Spor A.Ş.,,90,110,4718,AMC/MC/ST/DMC,9,6,9,8,8,8,12,5,13,10,11,11,9,8,13,7,6,13,1,1,1,2,1
28146,#28146,Nazilli Belediyespor,,90,100,4576,MC/AMC/DMC,7,10,8,10,11,7,11,11,10,11,10,9,8,11,11,8,7,12,1,3,1,1,2
30867,#30867,Pazarspor,,90,95,3677,AML/AMR/ML/MR,12,14,13,6,11,7,13,11,7,12,2,14,6,9,13,7,6,11,3,2,2,2,3
32640,#32640,Eskişehirspor,,90,95,4893,MC/AMC/ML,6,13,9,11,13,4,13,8,12,10,7,10,6,10,9,10,8,11,3,2,3,2,3
5002,#5002,Şanlıurfaspor,,90,115,4223,MC/AMC/ML/MR/AML/AMR/DR/ST,9,10,11,8,11,10,12,13,7,10,7,12,9,13,9,11,10,12,1,1,1,1,1
5125,#5125,Zonguldak Kömürspor,Y,90,100,4661,GK,11,1,2,3,8,3,8,5,4,10,11,2,11,7,5,7,11,10,12,10,10,9,10
5150,#5150,Kırklarelispor,,90,100,4673,DR/DMR/DL,8,9,9,5,11,11,10,12,7,11,16,7,10,14,11,11,11,10,2,1,1,2,2
8586,#8586,Kırklarelispor,Y,90,90,4269,GK,12,1,2,2,7,1,7,6,4,11,9,1,10,8,8,10,11,11,10,7,12,6,6
8599,#8599,Zonguldak Kömürspor,,90,100,1824,DC/DR,14,8,4,10,6,10,8,11,4,11,11,10,11,10,8,9,13,8,2,4,2,2,3
8600,#8600,Şanlıurfaspor,,90,105,4244,ST,15,1,5,11,7,6,10,15,6,13,9,12,10,12,10,12,14,10,2,1,1,1,2
21113,Ahmet Aktaş,Bucaspor 1928,,90,90,3477,DL/DR,8,9,10,6,9,11,11,12,6,11,6,7,10,11,12,11,10,12,1,2,2,1,1
21425,Berke Bıyık,Bucaspor 1928,,90,95,3843,AML/AMR/ST,4,11,15,10,8,5,12,10,11,11,7,12,5,8,13,11,8,13,3,1,2,1,1
21125,Fuat Gölbaşı,Bucaspor 1928,,90,90,4263,ST,11,5,8,13,8,6,10,12,7,11,11,12,7,11,10,12,12,10,1,1,1,1,2
20648,Murat Behram,Bucaspor 1928,,90,100,3808,ST/AML,11,6,9,14,7,6,10,10,7,11,10,12,7,11,10,11,11,10,1,1,2,2,1
21919,Recep Gül,Bucaspor 1928,,90,118,4557,AMR/AML/ML/MR/AMC/MC,6,13,14,12,12,4,12,10,12,11,10,11,5,12,10,8,7,11,1,2,1,3,2
21029,#21029,Pendikspor Futbol A.Ş.,,89,105,4397,DC/DL,13,4,10,5,10,9,12,10,9,10,11,4,12,11,9,10,13,11,3,2,1,1,1
21819,#21819,Ankara Demirspor,,89,109,4271,ST,7,7,10,10,7,10,10,14,3,10,6,10,12,12,15,10,9,14,1,1,1,2,2
22656,#22656,Isparta 32 Spor,,89,89,4325,DMC/MC,7,8,4,8,14,10,8,13,10,15,7,4,11,11,10,13,8,12,2,2,1,1,1
22552,#22552,Kırklarelispor,,88,88,4739,ST,11,6,10,9,11,4,11,7,9,11,5,10,4,13,12,12,12,11,1,2,1,1,2
25939,#25939,Tarsus İdman Yurdu,,88,90,3973,ST/AML/AMR/ML/MR/AMC,9,8,12,15,7,4,12,9,7,10,14,12,4,11,12,11,7,12,1,1,1,1,3
17352,#17352,Eskişehirspor,,87,90,4223,DL/DML,7,8,6,6,8,12,7,6,7,14,14,6,10,9,12,14,7,14,2,3,1,1,3
22719,#22719,1922 Konyaspor,,87,87,3525,DMC/DC/MC,11,4,5,6,7,12,7,9,8,14,8,5,9,9,13,7,7,13,2,1,1,1,3
22950,#22950,Akhisarspor,,87,92,4468,DC/DL,12,4,6,4,10,10,10,11,8,10,8,8,11,10,10,8,12,10,1,3,2,1,1
17829,#17829,Eskişehirspor,,86,88,4155,DR/AMR/MR/DL/AMC/DMR,7,10,9,5,12,8,8,5,6,11,1,13,7,7,13,13,4,12,2,1,1,1,2
22723,#22723,Isparta 32 Spor,,86,86,4354,AML/AMR/ML/MR,4,14,9,8,9,5,11,8,8,9,7,11,7,4,13,10,4,12,2,2,4,1,1
26978,#26978,Eskişehirspor,,86,101,4305,DR/DC/DMC/DMR/MC,13,8,6,6,11,10,11,10,7,9,10,7,11,11,9,10,8,10,2,2,1,2,1
20509,#20509,Karacabey Belediye Spor A.Ş.,,85,110,3973,DL/DML/ML/DR,9,10,9,6,10,10,11,13,6,10,5,7,8,12,12,11,9,12,1,3,1,1,1
20546,#20546,Kırklarelispor,,85,115,4143,ST/AMC,12,4,7,10,9,5,14,12,8,11,6,12,10,9,10,10,12,12,3,2,1,2,2
20560,#20560,Karacabey Belediye Spor A.Ş.,,85,95,3629,MC/AMC/DMC/ML/MR,8,10,11,9,11,7,14,4,12,9,7,10,3,9,9,5,5,13,1,1,1,1,1
20779,#20779,Nazilli Belediyespor,,85,90,4381,AMR/AML/ML/MR/ST,10,10,14,9,7,4,14,5,11,11,4,11,6,9,11,8,9,11,2,3,1,1,1
20802,#20802,Isparta 32 Spor,,85,100,3520,DL/DC/DR,10,5,5,3,6,10,5,15,6,15,8,6,15,8,12,13,10,13,2,2,1,2,2
20803,#20803,Zonguldak Kömürspor,,85,95,4611,ML/AML/DL/MR/AMR/DML/DR/ST/AMC,8,9,13,9,9,5,12,10,10,7,6,11,4,12,14,11,10,13,2,3,1,1,1
20837,#20837,Tarsus İdman Yurdu,,85,100,3700,DL/ML/DML,5,8,8,8,9,10,10,11,7,9,10,8,11,13,11,12,9,12,2,2,1,2,1
20840,#20840,Kırşehir Belediye Spor,,85,95,1699,DC/DMC/DR,12,4,6,5,8,12,8,17,4,12,8,6,14,12,12,10,12,11,1,1,1,1,2
20843,#20843,24Erzincanspor,,85,95,4200,DC/DR/DMC/DL/MC/DML/DMR/MR/ML/AML/AMR,11,6,8,7,9,10,9,13,8,10,11,7,10,10,10,10,12,10,1,1,1,2,1
20951,#20951,Pazarspor,,85,100,3642,ST,15,2,5,9,7,3,9,14,5,11,6,12,7,13,12,8,14,9,2,1,2,1,2
21013,#21013,Pendikspor Futbol A.Ş.,,85,95,3911,DL/DMC/ML/DC/MC,7,9,8,6,6,12,9,7,5,14,5,7,13,8,13,13,6,13,2,1,1,2,1
21052,#21052,24Erzincanspor,,85,130,3837,AMR/AMC/MC/MR/AML/ML,5,13,12,8,12,4,14,7,10,10,7,9,6,9,10,9,8,13,3,2,2,2,1
21096,#21096,Pazarspor,,85,90,1698,ML/MR/AML/AMR,9,13,11,5,10,6,11,10,9,12,10,9,5,10,14,14,8,14,1,1,1,2,1
21198,#21198,Eskişehirspor,,85,90,4277,DC,12,6,6,4,8,10,8,12,8,11,12,8,8,11,10,12,12,9,2,1,1,1,1
21199,#21199,1922 Konyaspor,,85,105,1703,AMR/ST/AML,11,8,7,11,8,7,9,14,8,7,8,11,9,13,13,12,13,11,2,2,1,2,3
21213,#21213,24Erzincanspor,,85,110,4683,AML/AMR/ST,8,11,12,11,10,4,13,12,11,10,11,11,9,11,11,10,8,12,1,2,1,2,1
21245,#21245,Amed Sportif Faaliyetler,,85,100,4590,DL/ML/DML/DR/MR,6,11,11,5,9,10,11,10,8,9,5,11,7,12,13,12,6,14,1,3,3,3,2
21247,#21247,1922 Konyaspor,Y,85,85,3399,GK,10,1,1,3,12,2,1,7,6,12,3,1,7,7,11,5,5,6,9,13,13,5,9
21272,#21272,1922 Konyaspor,,85,110,4361,ST,14,6,8,15,9,5,11,10,6,9,6,9,5,11,10,8,14,11,1,2,1,1,1
21290,#21290,Zonguldak Kömürspor,,85,95,3761,MC/DMC/AMC,4,9,11,7,12,6,14,9,10,11,8,11,7,11,10,10,4,13,2,1,2,1,1
21306,#21306,Kırşehir Belediye Spor,,85,100,4072,DR/ML/DL/MR/AML/AMR,6,11,10,7,9,10,13,10,7,10,6,10,5,12,12,10,5,15,1,1,1,2,1
21357,#21357,Kırklarelispor,,85,115,4628,DL/DML/ML/AML,6,9,9,5,9,9,8,8,10,11,9,6,10,12,13,11,8,13,3,2,1,3,1
21365,#21365,24Erzincanspor,,85,105,4302,DC/DR/DMC/DL,11,4,4,4,5,12,7,17,5,12,12,11,13,12,11,10,12,9,2,1,1,2,1
21367,#21367,Tarsus İdman Yurdu,,85,90,3787,DL,7,6,9,5,8,11,9,14,8,13,9,5,8,13,12,15,8,13,1,1,1,1,1
21410,#21410,Uşak Spor A.Ş.,,85,90,4620,DC,12,4,5,7,6,14,7,16,4,11,8,4,14,10,8,8,12,10,1,2,1,1,1
21441,#21441,Kırşehir Belediye Spor,,85,90,4064,DL/DC/DML/DR,12,11,9,6,9,11,9,12,7,9,7,7,8,11,12,12,13,11,1,2,1,2,2
21563,#21563,Şanlıurfaspor,,85,105,4345,DMC/MC/DC/DL/DR,10,6,9,6,11,9,12,10,9,10,10,12,11,12,11,11,10,12,1,2,1,2,1
21609,#21609,Karacabey Belediye Spor A.Ş.,,85,104,4127,AMR/AML/ML/MR,6,11,14,6,9,4,10,8,10,9,9,15,7,9,14,8,5,13,2,2,2,1,2
21630,#21630,Ankara Demirspor,,85,100,3886,DC,14,4,5,6,7,11,8,12,6,9,6,11,11,12,11,11,12,12,1,1,1,2,2
21649,#21649,24Erzincanspor,,85,95,4290,DR/DMR/DL/MR,10,10,8,4,8,11,11,12,6,10,6,10,9,13,12,12,11,12,1,1,1,2,2
21724,#21724,Akhisarspor,,85,96,4413,MC/DMC/AMC/DR,9,7,9,9,11,8,12,10,9,12,14,11,6,14,9,9,9,11,2,2,1,1,3
21764,#21764,Nazilli Belediyespor,,85,100,3751,AML/AMR/ML/MR/AMC,4,10,14,10,9,4,15,5,11,9,4,12,4,8,10,8,2,16,1,1,3,1,2
21840,#21840,Pazarspor,,85,95,4031,DMC/MC,6,7,5,7,11,12,11,11,9,10,13,8,11,10,14,7,10,14,1,3,1,1,1
21853,#21853,Akhisarspor,Y,85,93,3829,GK,12,2,2,3,12,1,6,7,6,13,6,5,10,7,11,10,9,8,12,8,13,6,9
21907,#21907,Karacabey Belediye Spor A.Ş.,,85,110,4326,DC,11,4,7,5,10,10,10,11,8,10,7,6,10,12,10,11,11,12,1,1,1,3,1
21913,#21913,24Erzincanspor,,85,110,4448,DC,14,4,4,5,6,13,8,10,6,11,7,8,12,12,8,11,13,9,1,2,2,3,2
21941,#21941,1922 Konyaspor,,85,96,4378,DR,10,10,9,5,6,9,6,15,4,15,4,5,13,8,14,8,8,13,2,3,1,2,3
21992,#21992,Pendikspor Futbol A.Ş.,,85,103,3517,MC/DMC,6,6,10,8,10,7,12,10,10,10,6,11,9,12,10,12,7,13,1,1,1,1,1
22006,#22006,Uşak Spor A.Ş. Reserves,,85,100,3865,MC/AMC,8,7,10,8,9,6,11,12,11,10,5,14,9,8,15,3,11,12,2,1,2,1,1
22101,#22101,Eskişehirspor,,85,90,2905,DMC/MC,12,4,8,7,12,11,10,6,7,13,7,7,7,9,13,11,5,13,1,1,1,1,1
22157,#22157,Uşak Spor A.Ş.,,85,100,4223,DC,12,4,5,5,10,12,8,12,8,10,11,6,11,11,10,14,13,9,1,1,2,2,3
22220,#22220,Şanlıurfaspor,,85,117,3711,MR/AMR/DR/DMC,5,9,7,7,13,9,15,8,7,10,13,12,8,8,14,14,5,14,2,3,1,3,1
22246,#22246,24Erzincanspor,,85,111,4429,AML/AMR/ML/MR/AMC/MC,6,9,13,9,9,4,13,10,10,8,5,11,6,12,12,9,9,14,2,2,1,2,3
22533,#22533,Nazilli Belediyespor,,85,86,4284,DC/DMC,10,4,4,4,6,15,5,9,4,15,11,4,15,5,9,9,12,11,1,3,3,2,3
22544,#22544,Amed Sportif Faaliyetler,,85,105,3772,MC/DMC,7,6,10,7,11,7,13,12,11,12,7,9,10,13,10,12,9,12,1,3,2,2,1
22570,#22570,Kırşehir Belediye Spor,,85,115,3817,DC/DR/DMR,12,7,6,5,8,10,8,12,7,10,9,8,13,11,11,12,11,10,4,2,1,3,1
22653,#22653,Altay,,85,123,4466,ST/AML/AMR,9,8,8,10,13,6,10,15,6,8,1,9,7,8,14,7,7,13,2,1,2,3,2
22726,#22726,Ankara Demirspor Reserves,Y,85,106,3503,GK,12,1,1,3,9,1,4,6,6,13,2,1,9,7,9,5,6,9,14,11,14,9,8
24505,#24505,Kırşehir Belediye Spor,,85,100,4458,MC/DMC/AMC/ML/MR/AML/AMR,8,11,9,9,12,8,12,12,9,10,11,10,5,11,8,8,7,8,2,1,1,1,3
24552,#24552,Uşak Spor A.Ş.,,85,110,4592,DC/DL,13,9,7,6,9,9,10,11,8,8,9,6,9,11,10,12,12,10,1,1,2,3,1
24745,#24745,Uşak Spor A.Ş.,,85,95,3902,AMR/AML/ST,9,8,9,11,11,4,11,6,8,9,8,10,6,10,12,10,11,11,1,1,1,2,1
26801,#26801,Uşak Spor A.Ş.,,85,106,4601,MC/AMC/MR/AMR/ML/AML/ST,5,12,13,7,9,4,13,9,10,10,7,8,9,8,10,10,10,8,1,1,3,1,1
28144,#28144,Kırklarelispor,Y,85,116,4162,GK,6,1,1,1,10,1,2,11,4,11,1,2,7,5,11,3,5,14,13,12,10,5,7
28488,#28488,Ankara Demirspor,,85,95,4062,DC/AMC/MC,12,4,6,8,8,9,8,10,8,14,11,9,10,6,11,8,7,14,2,1,3,2,1
29370,#29370,Eskişehirspor,,85,85,3258,ST,12,6,9,11,8,4,11,15,8,11,7,10,8,9,10,6,7,10,1,1,1,1,1
30608,#30608,Akhisarspor,,85,101,4179,DR/DC/DMR,11,9,9,5,6,12,7,10,5,12,7,8,10,10,14,10,9,13,1,3,1,1,1
30640,#30640,Pendikspor Futbol A.Ş.,,85,102,4043,AMC/MC,6,5,11,7,14,7,11,6,11,10,5,13,7,13,11,9,9,10,4,2,2,1,2
30957,#30957,Amed Sportif Faaliyetler,,85,87,4685,AML/AMR/AMC,4,11,13,5,6,5,9,15,12,13,10,14,6,8,13,7,4,13,1,3,1,1,4
32632,#32632,Pendikspor Futbol A.Ş.,,85,99,3060,ST/AML/AMR,12,10,8,10,4,4,6,15,8,12,5,11,7,13,12,14,6,12,1,2,3,1,3
32643,#32643,Uşak Spor A.Ş.,,85,97,4175,MC,11,5,7,7,15,5,11,8,12,12,11,10,9,9,11,11,7,11,2,3,1,2,3
6033,#6033,Eskişehirspor,,85,94,2477,MC/AMC,5,4,9,7,14,5,13,8,13,11,13,12,6,9,14,9,7,11,1,2,2,2,2
8596,#8596,Tarsus İdman Yurdu,Y,85,100,3550,GK,14,1,2,1,5,2,5,6,6,12,11,1,7,7,11,5,7,15,5,14,13,6,8
21293,Abdullah Balıkuv,Bucaspor 1928,,85,105,4358,DL/DML/ML,9,10,7,7,9,10,11,13,5,10,6,7,12,13,11,12,10,11,3,1,1,1,1
21782,Alper Duruk,Bucaspor 1928,,85,87,3496,DR/DMR,7,9,9,6,8,9,11,10,6,11,7,7,11,11,12,11,9,10,2,1,1,2,2
22124,Cuma Menize,Bucaspor 1928,,85,94,4145,MC/AMC/AML/AMR,6,5,13,11,10,7,14,10,10,9,5,9,6,11,13,11,10,12,1,2,1,1,3
22012,Enes Alıç,Bucaspor 1928,,85,85,3020,AML/ML/AMR/DML/DL/MR,7,10,10,8,8,8,10,10,9,9,6,11,8,11,13,11,11,11,1,2,1,1,1
22907,Ercan Şirin,Bucaspor 1928,,85,102,3636,DC/DR,14,6,4,6,5,14,5,12,4,14,10,7,13,7,7,7,11,9,1,1,1,3,1
20796,Metin Yüksel,Bucaspor 1928,,85,105,3955,DMC/MC/AMC/DC,10,7,9,8,12,7,15,10,10,13,13,8,9,11,8,8,9,12,2,1,2,1,2
21143,Murat Demir,Bucaspor 1928,Y,85,95,3997,GK,11,2,1,1,5,1,2,5,6,13,12,1,8,7,8,7,6,10,14,11,13,6,4
21650,Mustafa Seyhan,Bucaspor 1928,,85,95,3685,DMC/MC/AMC,9,7,8,7,10,11,10,12,7,10,7,8,12,11,10,11,11,11,2,2,1,1,2
21378,Osman Işıklı,Bucaspor 1928,,85,100,3457,MC/AMC/ML/MR/AML/AMR,8,9,9,7,10,9,11,7,9,10,7,12,9,11,11,11,9,12,1,1,2,1,1
21905,Saruhan Fındıkcı,Bucaspor 1928,,85,100,3523,MC/AMC/AML/AMR/ML/MR,7,9,10,10,9,6,11,9,8,11,8,12,8,10,10,11,10,11,1,1,1,1,1
21809,Yusuf Yıldırım,Bucaspor 1928,,85,86,3749,AML/ML/MR/AMR,7,10,11,8,10,4,12,9,9,11,8,10,5,10,11,11,11,11,2,2,1,1,1
16197,#16197,Eskişehirspor,,84,123,4988,ST,11,7,9,12,8,7,12,16,8,11,7,12,6,9,8,8,10,10,1,1,1,2,1
22687,#22687,1922 Konyaspor,,83,83,3337,ML/MR/AML/AMR/DL,9,11,15,5,9,7,14,12,8,12,9,10,6,8,12,6,4,11,2,1,2,1,1
20974,#20974,Uşak Spor A.Ş.,Y,82,90,4388,GK,14,2,4,2,9,1,11,12,7,9,4,1,12,14,9,9,13,11,10,14,9,6,9
5079,#5079,Pendikspor Futbol A.Ş.,,82,120,4814,DR/DL/DC/DMR/DMC,10,4,4,3,11,12,9,10,5,12,13,7,16,16,8,10,10,10,2,2,1,2,2
8584,#8584,Pendikspor Futbol A.Ş.,,82,105,4116,ST,13,1,5,10,9,4,12,12,6,12,10,13,9,13,11,10,11,11,1,1,1,1,1
6067,#6067,Nazilli Belediyespor,,81,97,2655,MC/DMC,11,4,5,6,13,8,14,10,13,13,10,6,10,10,12,7,7,8,1,2,1,2,1
11151,#11151,Uşak Spor A.Ş.,,80,100,3944,AMR/AML/MR/ML/AMC/MC,6,10,11,6,10,4,12,8,9,9,5,11,5,9,9,9,3,15,1,2,1,1,3
11197,#11197,Altay,,80,120,4382,ST/AMC/AML/AMR,12,7,7,9,7,3,10,14,7,10,5,13,6,14,9,10,8,11,1,1,1,2,1
1285,#1285,Şanlıurfaspor,Y,80,115,3877,GK,12,1,1,1,8,1,8,16,1,7,12,1,7,8,8,6,10,11,12,12,11,10,10
15733,#15733,Şanlıurfaspor,,80,88,3552,DC/DR/DMC/MC/MR/DMR,7,4,4,5,9,14,7,11,6,10,7,7,14,4,12,12,8,14,1,2,1,1,3
20412,#20412,Şanlıurfaspor,,80,115,4199,DL/DC/DMC,11,12,6,7,12,10,9,15,8,8,10,7,12,10,9,8,11,10,1,1,1,2,1
20542,#20542,24Erzincanspor,,80,95,4021,DL/ML/DMC/MC/DML,6,11,7,7,11,10,9,12,8,9,5,9,8,13,12,11,13,13,1,1,1,2,2
20567,#20567,Amed Sportif Faaliyetler,,80,100,4027,AMC/MC/MR/AML/AMR/DMC,7,11,9,10,12,1,15,5,11,10,9,13,4,8,7,6,5,12,2,1,1,2,2
20605,#20605,Nazilli Belediyespor,Y,80,85,4000,GK,11,1,3,3,13,1,8,5,4,10,7,1,11,8,6,6,12,10,9,10,11,5,7
20685,#20685,Şanlıurfaspor,,80,90,3385,DL/ML/AML/AMR/DML/MR/DC,11,9,11,8,9,9,12,8,9,10,7,8,8,11,12,10,7,13,1,1,1,2,1
21021,#21021,Şanlıurfaspor,,80,105,3170,DMC/MC/DR/MR/ML,10,8,9,5,12,11,10,11,6,11,6,7,11,13,10,10,11,11,1,1,1,1,2
21032,#21032,Ankara Demirspor,,80,100,4037,MC/DMC/DL/AMC,5,11,9,7,10,6,14,6,10,10,7,10,6,11,8,7,6,13,2,2,1,1,2
21251,#21251,Amed Sportif Faaliyetler,,80,95,3546,DR/DMR/AMR,7,5,7,6,11,12,11,12,8,10,5,6,10,8,11,11,8,11,2,3,1,2,1
21297,#21297,Karacabey Belediye Spor A.Ş.,,80,85,3765,DR/DMR/MR/AMR/DC,8,11,6,4,8,11,9,5,6,12,13,7,6,8,14,13,7,14,1,3,1,2,1
21442,#21442,Isparta 32 Spor,,80,90,2339,DMC/MC/AMC,8,4,6,7,10,13,9,5,8,12,13,8,7,10,13,14,8,10,1,1,2,2,2
21444,#21444,24Erzincanspor,,80,100,4312,MC/DMC/AMC,9,6,9,6,13,7,13,12,11,9,5,9,9,13,10,12,8,11,1,1,1,1,2
21446,#21446,24Erzincanspor,,80,95,3750,MC/AML/AMC/ML/DMC,6,9,11,7,13,6,13,8,11,8,6,8,5,8,10,8,5,14,1,1,1,1,1
21452,#21452,Uşak Spor A.Ş.,,80,100,4600,AMC/MC/DMC,9,5,8,7,10,7,11,12,9,9,6,10,9,9,13,13,6,13,3,1,1,1,2
21463,#21463,Pazarspor,,80,88,3798,DL/DML/DC/MR,9,4,6,5,6,10,7,11,9,13,9,7,10,8,13,14,5,11,2,2,1,1,1
21464,#21464,Nazilli Belediyespor,,80,95,3755,AMR/AML/ST,9,9,13,9,9,4,12,10,10,10,6,12,7,11,13,11,10,12,2,1,1,1,1
21471,#21471,Ankara Demirspor,,80,110,3739,DL/DML/DR,6,9,8,5,8,9,10,15,7,9,8,8,11,13,12,12,9,14,1,2,1,3,2
21496,#21496,Kırklarelispor,,80,90,3959,AML/AMR/MR/ML,8,11,11,7,9,6,12,10,8,10,4,9,5,10,12,10,7,11,1,1,1,1,2
21596,#21596,Karacabey Belediye Spor A.Ş.,Y,80,90,3460,GK,12,2,1,2,11,3,1,6,6,12,6,2,11,7,10,4,7,7,10,11,13,6,4
21602,#21602,Kırşehir Belediye Spor,,80,100,4136,ST/AML/AMR,11,4,9,12,7,4,14,11,4,10,7,12,8,8,11,4,4,9,1,1,2,1,1
21636,#21636,Şanlıurfaspor,,80,80,3818,AML/ML/MC/AMC/DL,5,10,12,6,9,4,11,15,9,11,2,12,5,8,13,13,9,13,1,4,1,1,1
21654,#21654,Akhisarspor,,80,100,3973,MC/DL/ML,8,5,5,5,13,9,11,12,11,10,6,9,10,11,12,12,10,12,2,2,1,1,1
21716,#21716,Isparta 32 Spor,,80,81,3464,DC/DMC/DL,12,4,4,4,6,13,7,15,6,11,4,6,14,8,14,5,7,10,1,1,1,1,1
21766,#21766,Pazarspor,,80,105,4004,DC/DR/DMR,13,5,7,5,9,10,9,13,7,10,10,7,11,8,11,11,7,11,4,3,2,2,2
21770,#21770,Kırklarelispor,,80,105,4000,DR/MR/AMR,7,9,10,5,9,8,12,5,10,9,6,9,6,9,13,12,11,13,1,1,1,1,1
21780,#21780,1922 Konyaspor,,80,83,4127,DC,13,4,5,4,6,11,9,13,6,11,6,9,11,11,9,10,11,10,3,1,1,1,1
22003,#22003,Karacabey Belediye Spor A.Ş.,,80,85,3014,DMC/MC/DR/DMR,4,4,5,7,10,12,10,10,11,11,11,7,9,8,13,13,4,13,1,1,2,2,1
22079,#22079,Kırklarelispor,,80,98,3706,DMC/DC/MC,11,6,7,5,11,11,8,15,8,10,8,6,11,13,13,12,12,12,1,1,2,2,3
22080,#22080,Pazarspor,,80,88,3933,AMC/MC/ML/AML/ST,10,5,9,7,11,9,15,7,8,10,11,11,7,8,14,5,10,11,2,1,2,1,1
22090,#22090,Amed Sportif Faaliyetler,,80,98,1711,AMR/MR/AML/ML,5,9,14,9,9,5,13,8,9,8,6,10,7,9,11,10,6,14,1,1,1,1,2
22103,#22103,Eskişehirspor,,80,91,2874,DR,7,2,8,4,9,12,7,11,8,13,7,6,9,8,11,11,8,10,3,3,2,2,4
22151,#22151,24Erzincanspor,,80,80,3944,DL/ML/DML/AML,9,9,12,5,10,7,14,11,6,10,6,10,5,11,14,12,6,14,1,3,1,1,2
22202,#22202,Kırşehir Belediye Spor,,80,90,1685,DC/DR,9,7,6,3,5,12,6,6,4,13,9,4,12,7,13,12,7,13,1,1,1,1,2
22234,#22234,Akhisarspor,,80,101,3238,DMC/MC,8,6,7,6,14,9,13,8,10,10,9,6,11,10,13,11,10,13,3,2,1,1,1
22242,#22242,Kırşehir Belediye Spor,,80,107,4194,MC/DMC/AMC,8,5,6,8,11,11,8,9,11,11,12,9,8,10,8,10,5,8,3,3,1,3,2
22566,#22566,Şanlıurfaspor,,80,94,3514,MC/AMC/ML/AML,8,8,7,8,10,7,11,13,7,14,13,11,8,13,9,8,6,11,1,3,1,2,1
22591,#22591,1922 Konyaspor,,80,85,3647,DL/DML/ML,9,10,9,5,10,10,10,10,6,9,4,10,5,12,13,12,5,13,1,3,2,2,2
22711,#22711,Ankara Demirspor Reserves,,80,94,3224,MC/AMC/ML/MR,7,8,10,8,13,7,15,6,8,11,5,9,6,9,12,10,5,12,1,3,1,1,1
22763,#22763,Zonguldak Kömürspor,,80,104,3361,DC/DR,12,5,4,5,8,13,7,7,4,12,11,7,7,7,11,8,9,8,3,1,1,3,1
25374,#25374,Şanlıurfaspor,,80,86,3652,DR/DMR/MR/AMR/DMC/MC/AMC/ST,7,7,9,7,6,10,11,10,9,12,9,7,7,9,11,10,8,13,1,4,2,2,1
28536,#28536,Eskişehirspor,,80,107,4244,MC,7,4,5,9,12,5,13,9,11,12,9,12,10,12,13,8,8,12,3,3,1,1,2
29227,#29227,Uşak Spor A.Ş.,Y,80,96,3979,GK,11,1,1,4,5,3,1,10,4,12,10,1,10,4,11,2,6,13,13,8,13,4,5
29874,#29874,Amed Sportif Faaliyetler,,80,120,5041,MC/DMC,11,7,8,9,11,10,11,13,7,10,5,8,10,13,11,13,12,9,2,2,1,2,1
30960,#30960,Amed Sportif Faaliyetler,Y,80,88,3781,GK,12,3,2,3,8,3,1,5,5,13,2,2,2,5,9,6,6,9,7,9,14,4,6
32644,#32644,Zonguldak Kömürspor,,80,84,3614,AMC/AML/AMR,6,10,11,10,13,8,12,7,9,9,9,11,7,9,10,9,5,11,3,3,1,1,1
32671,#32671,Akhisarspor,Y,80,94,3171,GK,13,1,2,3,9,2,2,10,4,13,5,4,6,6,12,2,7,5,7,12,14,4,8
6002,#6002,Nazilli Belediyespor,,80,100,1732,MC/AMC/MR,8,9,9,7,8,6,10,11,9,8,5,12,11,10,11,12,9,12,3,3,1,2,1
8603,#8603,1922 Konyaspor,,80,90,1696,DC/DL/DML,11,8,4,6,8,12,9,14,8,10,12,7,9,12,9,11,10,10,1,2,1,1,2
21469,Yalçın Kaya,Bucaspor 1928,,80,83,3330,DC,14,4,4,4,5,14,5,9,4,15,13,5,13,5,12,4,11,12,3,2,4,1,1
5089,Şener Özcan,Bucaspor 1928,Y,80,100,3387,GK,11,1,1,1,10,1,9,6,4,8,10,1,8,10,6,7,6,10,11,12,12,7,10
22087,#22087,1922 Konyaspor,,79,79,1720,MC/AMC,6,6,6,10,7,6,9,7,10,12,10,13,10,7,11,12,8,13,1,2,1,2,1
22501,#22501,Karacabey Belediye Spor A.Ş.,,79,84,3792,DMC/MC,10,10,10,7,11,12,11,8,5,8,6,9,11,12,10,14,11,9,2,1,1,2,2
22637,#22637,1922 Konyaspor,,78,78,3894,DC/DR,12,4,9,5,12,8,12,6,5,9,5,4,10,10,10,12,9,8,1,1,3,2,3
30436,#30436,Bucaspor 1928,,78,90,3681,DR,6,6,8,6,9,10,6,7,5,12,10,7,8,9,12,9,7,14,2,1,3,1,3
11029,#11029,Ağrı 1970 Spor,,77,95,4000,ST,13,1,5,11,7,2,9,8,5,12,12,12,10,9,10,10,14,10,1,1,1,1,1
20484,#20484,Uşak Spor A.Ş.,,77,105,4524,MC/DMC/AMC/MR,7,8,9,7,12,9,11,10,9,12,12,10,11,12,9,11,10,10,3,1,1,1,1
20729,#20729,Akhisarspor,,77,90,4053,DC/DR,12,4,3,4,8,13,7,11,5,10,16,4,13,12,7,11,13,8,1,1,1,1,1
22255,#22255,Şanlıurfaspor,,77,77,3853,AMC/MC/ML/AMR,6,8,10,4,10,5,13,8,12,13,11,6,6,9,13,10,5,13,1,2,1,1,2
26036,#26036,Zonguldak Kömürspor,,77,90,1693,ST/AML/AMR/ML/MR,12,8,9,11,6,3,6,9,5,10,5,10,5,7,11,12,6,13,1,2,2,1,2
28775,#28775,Zonguldak Kömürspor,,77,77,3298,MC/DMC/AMC,5,7,10,7,11,6,11,11,11,14,11,9,4,12,11,6,2,10,1,3,1,1,2
5032,#5032,Altay,,77,130,4131,DC/DMC,12,1,1,2,6,11,7,12,2,11,16,3,15,14,8,7,10,8,2,1,1,2,1
5078,#5078,Tarsus İdman Yurdu,,77,110,4019,ST,11,4,7,13,5,3,11,5,3,9,8,8,8,9,10,9,11,8,3,2,1,1,1
1296,#1296,Ankara Demirspor,,75,110,3679,ST,11,5,11,11,8,3,12,5,6,10,8,12,6,6,9,6,10,11,1,1,1,1,1
20416,#20416,Kırşehir Belediye Spor,,75,80,3682,DC/DL,11,4,5,4,5,13,7,10,4,12,10,4,12,9,11,8,12,13,1,1,2,1,2
20465,#20465,Tarsus İdman Yurdu,,75,110,3214,MC/DMC,6,10,8,7,12,6,14,10,10,10,12,8,8,11,8,7,6,11,1,1,1,2,1
20574,#20574,Tarsus İdman Yurdu,,75,90,3434,AMC/AML/ML/MC/AMR/MR,9,9,10,7,12,8,14,5,12,11,12,12,9,12,9,13,8,7,1,1,2,1,1
20640,#20640,Kırklarelispor,,75,100,3706,DC,12,2,5,4,7,11,8,14,4,7,8,7,12,11,8,9,13,12,1,1,1,2,1
20770,#20770,Akhisarspor Reserves,,75,100,3584,DR/DMR/MC/MR,9,7,8,5,10,10,11,10,5,8,9,8,11,13,9,11,10,11,2,1,1,1,2
20778,#20778,Nazilli Belediyespor,,75,80,3571,DMC/MC/MR/DR/DMR/DL/ML,7,7,9,5,12,7,13,10,9,11,9,7,8,10,10,10,8,12,1,1,1,1,2
20945,#20945,Nazilli Belediyespor,,75,100,3922,DC/DR,10,7,8,4,5,10,3,12,4,9,4,7,9,11,11,8,8,12,3,1,1,2,1
20954,#20954,Pendikspor Futbol A.Ş.,,75,110,3528,MC/DMC/AMC/MR,9,10,7,6,12,10,13,12,10,10,8,9,12,10,6,6,12,11,2,1,1,1,1
21204,#21204,24Erzincanspor,,75,105,3692,DL/ML,8,8,8,4,9,8,11,12,8,10,10,8,8,12,14,11,7,14,3,1,1,1,3
21345,#21345,Kırklarelispor,,75,95,3921,ML/MC/AML/AMC/AMR/MR/DML,10,10,9,8,9,6,13,10,9,8,6,10,4,10,12,10,8,13,2,1,1,1,2
21382,#21382,Kırşehir Belediye Spor,,75,85,1640,MC,8,4,4,8,10,6,10,8,12,11,13,9,10,10,13,7,7,14,1,1,3,1,1
21449,#21449,1922 Konyaspor,,75,105,1689,AML/ML/MR/AMR/AMC,5,10,12,8,12,3,14,5,10,6,7,9,6,6,11,8,4,15,3,1,1,2,1
21500,#21500,Zonguldak Kömürspor,,75,95,1763,MC/DMC/AMC,8,11,9,6,10,6,13,10,9,9,10,11,8,11,8,9,11,11,3,1,1,2,1
21576,#21576,Pazarspor,,75,117,1692,AMC/MC,3,4,8,7,7,6,13,9,12,10,9,9,9,9,13,13,4,13,3,1,2,2,1
21606,#21606,Amed Sportif Faaliyetler,,75,85,3583,DMC/DR/AMR/MC/DL/DC,12,8,7,5,9,11,10,13,4,9,8,5,14,12,8,12,13,7,1,1,1,1,3
21635,#21635,1922 Konyaspor,,75,110,4106,AML/ML/MC/MR/AMC/AMR,5,11,12,9,11,3,15,5,9,8,7,8,6,6,9,7,7,14,3,1,1,2,1
21670,#21670,Zonguldak Kömürspor,,75,90,1687,DC,10,4,3,3,5,9,2,15,4,13,13,6,14,6,13,9,4,13,2,1,1,1,1
21772,#21772,Karacabey Belediye Spor A.Ş.,,75,82,3125,MC/AMC/ML/MR/DMC,5,7,8,7,13,9,10,14,6,11,11,12,6,12,13,8,8,10,1,2,2,1,2
21832,#21832,Kırşehir Belediye Spor,,75,95,1645,DMC/MC/DC,12,7,6,5,11,8,11,10,8,12,9,8,12,13,7,8,13,9,2,2,1,2,1
21836,#21836,Nazilli Belediyespor,,75,75,3347,MC,8,7,5,7,13,7,11,13,8,12,2,10,8,10,9,14,6,9,2,1,1,1,1
21875,#21875,24Erzincanspor,,75,104,3403,MC/AMC/DMC,10,8,9,5,13,9,12,6,9,9,9,9,8,11,12,8,9,10,2,1,1,2,1
21889,#21889,Isparta 32 Spor,,75,75,3186,AMR/AML/ST,6,10,12,7,11,6,11,5,6,12,5,13,5,8,12,9,3,13,1,1,2,1,2
22082,#22082,1922 Konyaspor,,75,75,1604,ST/AMR/AML,7,9,6,11,10,6,11,6,5,8,9,8,7,6,12,4,8,12,1,3,1,1,1
22221,#22221,Eskişehirspor,Y,75,81,2290,GK,10,1,1,3,9,1,1,5,5,11,10,2,8,6,11,4,7,13,12,9,12,5,7
22227,#22227,Isparta 32 Spor,,75,82,3393,DR,7,6,7,4,8,11,5,9,7,14,10,3,9,9,11,10,7,13,1,1,1,1,2
22587,#22587,Zonguldak Kömürspor,,75,96,1723,DC/DR,11,1,7,4,7,10,7,15,3,12,2,7,15,7,14,8,8,13,3,1,1,3,1
22730,#22730,Nazilli Belediyespor,,75,82,3498,DC/DL,8,4,4,4,7,11,5,15,4,15,14,5,9,7,13,13,5,11,1,1,1,2,1
22736,#22736,Akhisarspor Reserves,,75,76,3692,DL/DML,7,7,7,4,9,12,9,15,7,10,12,6,11,8,12,8,6,11,1,3,2,1,2
22747,#22747,Pazarspor,,75,75,3711,MC/ST/DR,9,6,7,7,11,7,13,7,9,12,10,11,4,8,15,10,7,14,2,1,2,1,1
22758,#22758,Pazarspor,,75,90,3026,DC,8,4,3,5,6,11,1,15,4,13,9,5,13,5,12,4,4,13,3,3,2,2,3
23479,#23479,Isparta 32 Spor,,75,101,3472,ST,14,5,9,12,6,3,11,7,5,6,6,12,7,6,9,7,9,8,2,1,1,1,2
26421,#26421,Uşak Spor A.Ş.,,75,91,3995,MC/MR/AML/AMC/AMR/ML,6,7,10,7,11,9,13,10,8,8,13,9,6,12,11,8,8,10,1,2,1,1,2
28156,#28156,Şanlıurfaspor,,75,88,3297,DL,7,7,3,7,9,14,6,13,3,12,14,7,6,14,10,10,6,10,2,1,1,2,3
28515,#28515,Karacabey Belediye Spor A.Ş.,,75,83,3254,AML/ML/MR/AMR,4,9,10,5,11,5,12,9,8,10,14,9,4,9,12,8,4,10,2,2,2,1,2
29878,#29878,Eskişehirspor,,75,133,4260,AML/AMR/ST,5,10,13,4,11,4,12,13,10,10,8,12,6,6,12,13,7,12,4,3,1,3,2
30609,#30609,Amed Sportif Faaliyetler,,75,78,3651,DR/DMR/MR,5,8,8,5,6,13,6,6,6,12,13,7,4,7,11,12,5,12,1,1,1,1,3
30964,#30964,Kırşehir Belediye Spor,Y,75,84,3102,GK,11,3,1,2,8,2,1,12,5,13,4,3,9,5,10,2,5,10,10,7,13,6,6
30973,#30973,Karacabey Belediye Spor A.Ş.,Y,75,75,3360,GK,12,1,1,2,7,3,1,5,5,14,11,2,2,6,10,7,8,8,11,9,9,4,5
32668,#32668,Uşak Spor A.Ş.,,75,81,3649,ST/AML,6,5,12,9,7,5,8,7,3,11,6,14,5,7,12,8,5,10,4,1,1,1,2
32692,#32692,Tarsus İdman Yurdu,,75,91,4194,MC/AMC,7,5,11,6,12,5,12,7,10,10,3,9,5,10,13,7,9,8,1,1,2,1,1
32917,#32917,Karacabey Belediye Spor A.Ş.,,75,93,2987,DMC/MC,13,4,5,6,12,8,12,11,11,14,4,6,6,10,12,9,8,10,2,2,2,1,3
32980,#32980,Kırşehir Belediye Spor,,75,134,1679,AMC/MC/AML/AMR,4,9,12,7,11,4,13,5,9,9,5,10,9,8,11,8,5,13,3,1,2,2,2
6178,#6178,Uşak Spor A.Ş.,,75,79,3810,AMC/ST,5,10,10,8,10,3,12,5,9,10,15,9,3,10,11,10,5,8,2,1,1,1,1
21580,#21580,1922 Konyaspor,,74,74,1732,MC/AMC/ML/AML/DMC,6,8,7,4,14,6,14,5,11,11,8,10,4,10,12,9,9,13,1,1,1,1,1
5353,#5353,Amed Sportif Faaliyetler,,74,91,3877,DMC/MC/DC/AMC,14,10,7,3,9,10,9,11,4,10,6,3,9,11,13,8,11,12,2,2,1,2,2
21981,#21981,Zonguldak Kömürspor,,73,78,3197,DL/DR/DML/DMR,10,9,8,5,9,10,9,9,5,10,1,8,5,8,14,14,8,14,1,1,1,1,2
30786,#30786,Pazarspor,,73,73,2995,ST,5,4,10,12,4,3,7,12,3,13,2,15,4,6,11,9,9,10,2,3,1,1,3
20774,#20774,Kırklarelispor,,72,95,3830,DMC/MC/AMC,9,8,6,3,10,11,13,10,8,10,5,7,12,10,7,11,11,8,1,1,1,1,2
21655,#21655,Nazilli Belediyespor,,72,72,3821,DL/ML/AML/DML,5,8,9,5,9,10,10,15,7,12,10,8,7,7,13,13,6,13,1,1,2,1,1
30115,#30115,Kırklarelispor,,72,72,3597,AMC/MC/DMC,6,3,8,5,10,8,12,11,7,14,4,10,8,10,15,8,7,13,1,1,1,1,2
22173,#22173,Pazarspor,,71,76,3203,DC,10,3,3,5,6,12,2,15,3,14,9,4,13,5,9,10,9,11,1,4,1,2,2
32665,#32665,24Erzincanspor,,71,71,3184,AMR/AML/DR/ML/MR,8,12,11,4,9,4,7,15,8,16,1,11,4,6,13,7,4,13,1,1,1,1,1
20600,#20600,Amed Sportif Faaliyetler,,70,105,3392,MC/DMC/AMC/ML/MR,5,9,8,5,12,7,13,14,10,11,13,10,9,12,7,8,8,13,2,1,1,2,1
20681,#20681,Amed Sportif Faaliyetler,,70,85,3766,DC,10,3,3,3,5,13,1,8,3,12,9,4,12,6,12,7,6,14,1,1,2,2,1
20688,#20688,24Erzincanspor,,70,100,3514,AML/MR/AMR/ML/ST,7,7,11,8,11,3,13,8,9,8,4,12,4,8,11,9,8,14,3,1,1,1,1
20781,#20781,Nazilli Belediyespor,,70,95,3447,DR/MR/DC/DMR,7,8,8,4,6,9,8,13,6,10,8,7,9,11,11,11,7,12,3,2,1,1,1
21008,#21008,Kırşehir Belediye Spor,,70,85,3178,DC/DMC/DR,13,3,4,7,11,10,6,13,6,8,12,9,9,10,10,11,10,10,1,2,2,2,2
21103,#21103,Ankara Demirspor,,70,90,3567,DMC/MC,9,5,4,5,8,11,6,11,5,13,8,6,11,10,13,8,6,14,1,1,1,2,1
21217,#21217,Kırşehir Belediye Spor,,70,90,3736,DL/DML/ML/DR,7,11,9,5,9,10,11,13,5,8,8,6,7,12,11,11,11,13,2,1,1,1,2
21321,#21321,Kırşehir Belediye Spor,,70,80,1623,ST,11,3,6,9,7,3,10,15,7,11,2,10,6,8,10,10,8,10,1,1,1,1,2
21486,#21486,Nazilli Belediyespor,,70,80,3262,DMC/MC/MR/AMC,9,6,4,6,11,9,11,5,5,14,10,7,12,11,12,9,11,12,1,1,2,1,2
21508,#21508,Pazarspor,,70,93,1612,DL/DR,9,9,6,3,7,8,6,12,4,13,7,7,6,7,14,13,6,14,2,1,3,2,1
21825,#21825,Nazilli Belediyespor,Y,70,75,2953,GK,11,1,1,1,2,1,3,6,4,13,9,2,7,5,11,5,5,15,12,7,9,5,4
21938,#21938,Isparta 32 Spor,Y,70,74,2150,GK,15,1,2,3,12,1,7,10,5,9,11,2,5,8,14,7,9,11,7,5,11,3,3
21966,#21966,Isparta 32 Spor,,70,80,2970,ST/AML/AMC/AMR,9,7,9,7,10,3,5,9,6,9,7,10,5,7,12,9,8,11,1,1,2,1,2
22005,#22005,Zonguldak Kömürspor,,70,89,1679,DMC/MC,8,4,4,4,11,13,9,8,5,13,10,9,11,11,9,9,7,11,2,1,3,1,2
22115,#22115,Ağrı 1970 Spor,Y,70,77,3464,GK,8,1,1,2,9,1,1,10,4,10,3,2,14,5,11,2,6,6,11,9,12,5,5
22693,#22693,Akhisarspor,,70,79,3759,ST,11,4,12,11,4,3,12,5,4,10,6,9,6,7,12,5,6,12,1,1,2,1,2
22846,#22846,Uşak Spor A.Ş.,,70,75,3145,DC,9,3,3,4,6,9,3,7,5,13,6,4,11,6,13,8,8,11,1,1,1,1,1
22858,#22858,Zonguldak Kömürspor,,70,76,3207,AMC/ST,10,7,8,9,12,6,12,11,7,11,13,15,9,9,11,7,5,12,1,1,1,1,1
22952,#22952,1922 Konyaspor,,70,96,3370,DL/DC,9,4,5,4,9,9,7,14,4,14,6,6,11,9,11,11,6,9,3,2,1,2,1
22981,#22981,1922 Konyaspor,,70,85,2726,ML/AML/MR/AMR,5,11,10,4,9,3,11,15,8,10,11,13,5,9,13,8,2,14,1,1,1,1,1
26073,#26073,Şanlıurfaspor,,70,85,3524,MC/DMC/AMC/DC,6,5,2,6,12,7,11,15,10,13,10,10,10,10,8,5,6,9,1,1,1,1,1
26090,#26090,Zonguldak Kömürspor,,70,92,1755,DL/DML/ML/AML,7,10,7,4,9,9,10,15,4,11,8,9,9,8,14,11,6,14,2,1,1,2,2
27207,#27207,Nazilli Belediyespor,,70,75,4215,ST,10,6,5,9,7,4,9,7,10,8,11,8,12,11,11,10,10,11,1,3,2,1,1
28547,#28547,Uşak Spor A.Ş.,,70,100,3600,DR/DMR,7,6,6,5,9,12,9,5,4,9,6,8,8,14,11,10,6,8,3,1,1,2,2
30624,#30624,Zonguldak Kömürspor,,70,107,1682,DC,12,3,3,3,6,7,5,5,4,12,9,5,16,5,11,6,8,9,3,3,1,3,2
32653,#32653,Pazarspor,,70,84,2513,AMR/DR/MR,4,10,13,5,7,5,13,11,8,12,10,13,4,6,13,10,5,13,2,1,2,1,1
22963,#22963,Eskişehirspor Reserves,,69,69,3300,DL/ML/DML,8,8,9,4,9,9,8,9,7,15,10,7,3,7,13,9,5,12,1,2,3,2,3
21793,#21793,Pazarspor,,68,75,1690,DR/MR,6,8,6,5,7,9,7,10,4,14,9,5,7,7,14,12,9,14,1,3,1,1,1
30700,Melih Ataş,Bucaspor 1928,Y,68,99,2467,GK,14,1,4,2,9,1,9,12,3,6,4,4,2,4,5,3,5,13,12,10,12,7,6
22984,#22984,Isparta 32 Spor,,67,67,3260,DC,8,3,3,3,4,11,2,15,3,13,3,4,15,4,12,3,4,12,3,2,3,1,1
20550,#20550,Amed Sportif Faaliyetler,,65,105,3549,AMC/MC/AML/DMC/MR/DR/ML/AMR,5,10,11,6,9,2,13,10,10,9,6,9,5,7,9,8,4,14,3,1,1,1,1
21610,#21610,Pazarspor,Y,65,77,1593,GK,7,1,1,2,8,2,4,13,3,8,11,2,5,5,8,5,5,15,11,9,10,5,5
21646,#21646,Nazilli Belediyespor,,65,70,3165,DL/ML,7,10,8,4,6,9,8,5,4,13,9,8,7,7,12,13,11,13,2,1,2,1,2
21765,#21765,Kırşehir Belediye Spor,,65,80,1656,ST/AML/AMR,10,8,12,7,6,3,12,7,6,7,10,10,3,10,11,10,6,10,3,1,3,1,1
21871,#21871,Karacabey Belediye Spor A.Ş.,,65,85,3576,ML/DL,5,11,9,4,8,9,12,12,6,10,12,7,7,7,13,12,9,13,3,1,2,1,2
21886,#21886,24Erzincanspor,Y,65,65,2750,GK,11,2,2,3,8,1,2,7,3,12,6,2,9,3,10,3,2,8,10,12,9,5,2
22170,#22170,Pazarspor,,65,81,1582,MR/DR,12,7,7,5,10,8,10,12,8,10,10,10,6,8,15,5,5,15,1,1,1,2,1
22560,#22560,Uşak Spor A.Ş.,,65,82,3078,MR/ML/AML/AMR,8,7,7,8,12,5,14,7,8,9,7,9,7,14,6,11,9,8,2,1,3,2,1
22623,#22623,Kırşehir Belediye Spor,,65,75,1583,MR/AMR,6,9,10,4,7,5,6,11,5,13,11,9,4,9,12,8,4,13,2,1,1,2,1
22769,#22769,Zonguldak Kömürspor,,65,80,1700,ST,5,3,8,10,6,3,11,8,3,9,6,12,5,6,13,14,7,13,3,2,1,2,3
22861,#22861,1922 Konyaspor,,65,87,1513,DMC/MC,9,3,3,6,11,12,10,8,5,14,12,8,5,9,12,6,6,11,1,3,2,2,1
28423,#28423,1922 Konyaspor,,65,77,1523,DMC/MC/DC,8,5,5,5,10,9,8,10,8,14,11,7,7,9,11,8,6,8,1,2,2,2,1
28546,#28546,Amed Sportif Faaliyetler,,65,118,3386,AMR/ST,7,10,12,5,8,7,13,5,9,10,9,10,7,7,9,9,7,12,3,1,2,4,1
28548,#28548,Uşak Spor A.Ş. Reserves,,65,83,3247,AMR/AML/ST/AMC,6,10,10,3,10,5,8,5,7,13,13,11,6,6,13,5,4,13,4,1,3,1,1
30780,#30780,Zonguldak Kömürspor,,65,107,1657,DMC/MC,6,4,3,5,10,10,11,15,10,12,13,7,7,9,11,7,6,9,4,3,1,2,2
32951,#32951,Karacabey Belediye Spor A.Ş.,,65,99,3518,ST,12,5,7,8,8,4,10,15,6,11,3,9,7,8,6,6,12,7,2,2,1,2,1
34235,#34235,Amed Sportif Faaliyetler,,65,103,2706,ST,8,4,11,10,5,3,13,12,3,9,1,10,5,4,9,5,7,9,5,1,1,2,2
8585,#8585,Eskişehirspor,,65,105,3621,AMC/MC/AML/AMR/ST,11,10,6,8,11,7,14,12,9,8,7,9,9,6,8,10,7,11,2,2,1,2,2
30737,Turan Demirci,Bucaspor 1928,,65,81,2767,MR/AMR/DR,6,8,9,5,9,7,9,10,7,12,9,11,4,7,13,7,5,10,3,2,1,1,2
25638,#25638,Şanlıurfaspor,,64,70,2904,DC/DMC,15,4,5,5,9,8,9,8,9,9,14,10,6,9,9,12,13,7,1,1,2,2,1
5151,#5151,Uşak Spor A.Ş.,,64,123,4233,DR/DL/DC/DML/DMR,10,8,7,3,9,8,10,13,4,9,7,6,15,13,10,8,11,10,3,1,1,3,1
22593,#22593,Zonguldak Kömürspor,,63,73,1624,ST,11,4,9,10,6,3,9,5,5,7,9,10,5,6,13,10,5,11,2,1,1,1,1
22847,#22847,Amed Sportif Faaliyetler,,63,63,2932,MC/MR,10,8,8,5,9,8,12,13,7,13,12,4,8,9,11,8,6,11,2,4,2,1,2
20404,#20404,Zonguldak Kömürspor,,62,105,1683,MC/DMC/AMC,9,8,9,5,12,7,13,15,9,10,5,7,12,10,10,10,13,11,2,2,1,1,1
20482,#20482,Zonguldak Kömürspor,,62,100,1605,MC/AMC/DMC/MR/AMR/AML/ML,9,8,8,5,13,5,13,10,9,10,14,10,9,11,7,10,5,13,2,1,1,1,1
32915,#32915,Karacabey Belediye Spor A.Ş.,,62,67,2891,DL,8,4,5,4,7,12,8,15,7,9,1,8,6,8,11,7,8,10,2,2,3,1,2
21939,#21939,Isparta 32 Spor,,61,66,3306,DC/DMC,13,3,3,4,7,8,2,9,3,13,11,4,14,6,8,4,6,8,1,2,2,1,2
20730,#20730,Nazilli Belediyespor,,60,110,3083,AML/ML/MR/AMR/ST/DL,8,7,7,5,12,4,14,6,7,7,14,11,8,6,7,12,5,8,3,2,1,1,1
21604,#21604,Akhisarspor,,60,68,2748,DC/DR/DMR,10,5,5,2,6,11,3,12,3,13,14,5,10,6,11,5,5,12,2,1,1,2,1
22951,#22951,1922 Konyaspor,,60,92,1529,DMC/DC,9,5,5,4,9,10,5,7,5,13,4,7,16,9,9,7,5,9,4,3,2,3,2
30618,#30618,Pendikspor Futbol A.Ş.,,60,85,3078,DR/MR,5,6,7,3,6,6,6,12,5,13,2,4,8,5,13,9,5,13,2,2,2,2,3
32678,#32678,Nazilli Belediyespor,,60,68,2621,ST,12,4,8,8,3,3,6,11,6,10,4,10,3,4,14,11,7,12,2,2,3,1,2
32711,#32711,Karacabey Belediye Spor A.Ş.,,60,80,2628,ST,4,3,9,9,7,2,11,8,4,7,11,14,3,6,11,12,3,9,3,3,1,1,1
32916,#32916,Kırklarelispor,,60,65,2461,DL/ML,5,7,8,4,8,10,8,12,3,14,2,7,5,8,14,9,4,14,2,3,1,1,1
32931,#32931,Zonguldak Kömürspor,Y,60,64,1577,GK,14,1,1,3,3,2,2,12,1,12,11,4,4,5,8,7,9,9,10,4,10,4,2
32960,#32960,Kırklarelispor,,60,87,2901,DC/DR/DMC,8,4,2,4,7,9,7,8,4,12,1,5,14,6,10,6,4,10,2,3,2,3,1
21823,#21823,Karacabey Belediye Spor A.Ş.,,58,58,2531,ST/AMC/AML/ML/MC,7,8,9,6,12,3,7,9,5,8,1,8,5,6,13,7,4,12,1,1,1,1,1
32921,#32921,Kırşehir Belediye Spor,,58,58,1554,AML/AMR/ST,8,5,6,5,9,6,9,5,6,9,10,11,5,7,12,8,5,8,2,2,2,1,2
32919,#32919,Ankara Demirspor,,56,56,2968,DR,10,4,6,5,6,9,6,9,5,13,9,3,6,8,11,10,7,9,1,1,2,1,2
21572,#21572,Karacabey Belediye Spor A.Ş.,,55,78,2637,DC/DL,10,3,4,3,6,9,3,12,7,8,13,6,11,11,8,11,11,6,4,4,1,2,1
22563,#22563,Akhisarspor,,55,56,2979,DMC/MC,6,3,5,4,7,9,9,8,10,12,10,5,11,8,12,4,4,12,2,3,2,1,1
22707,#22707,Nazilli Belediyespor,,55,82,2495,MC/AMC,5,3,5,4,12,6,8,12,7,12,13,10,7,7,13,6,4,13,3,3,2,3,1
28512,#28512,Ağrı 1970 Spor,,55,89,2734,DC,9,3,2,2,3,10,4,5,3,11,3,4,14,4,12,8,4,12,3,3,1,2,1
28518,#28518,Pazarspor Reserves,,55,57,1518,MC/DMC,5,3,5,5,10,9,7,15,6,8,10,10,9,11,10,10,6,13,1,4,2,1,1
28525,#28525,Kırşehir Belediye Spor,,55,89,2385,MC/DMC/AMC,4,4,7,5,11,7,13,15,9,10,8,8,5,9,10,8,6,7,2,3,1,3,1
28566,#28566,Pendikspor Futbol A.Ş. Reserves,,55,64,3077,ST/AML/AMR,8,6,10,7,5,4,12,5,5,9,12,4,5,7,11,8,6,11,3,1,1,1,1
29873,#29873,Akhisarspor,,55,89,3077,ST/AML,6,4,4,7,7,2,9,12,4,11,13,9,6,6,13,9,6,13,2,2,1,1,1
30632,#30632,Isparta 32 Spor,,55,64,2784,DL/DC/ML,6,2,4,4,7,11,2,15,4,14,9,6,6,7,11,8,6,12,2,1,1,1,1
30781,#30781,Kırşehir Belediye Spor,,55,65,1818,ST,6,3,8,6,2,2,9,5,5,9,8,14,4,4,10,8,5,12,2,1,1,1,2
34192,#34192,Isparta 32 Spor,,55,79,2331,DC/DR,9,2,3,2,6,10,5,9,2,12,6,6,12,5,13,10,5,12,3,3,2,2,2
34200,#34200,Eskişehirspor,,55,78,2720,MC/DMC,10,5,3,4,16,9,13,7,5,11,2,4,9,10,10,9,7,9,4,1,3,2,1
30976,Ege Okka,Bucaspor 1928,,55,64,1286,MC,3,3,3,5,9,5,10,8,12,14,9,10,6,9,11,10,5,10,2,2,2,1,2
22237,Sabahattin Destici,Bucaspor 1928,,55,55,2439,MC/MR/DR,7,5,5,4,11,8,9,15,8,11,3,9,8,8,12,9,6,12,1,1,1,1,1
34198,#34198,Eskişehirspor,Y,54,54,2011,GK,11,2,1,3,6,2,1,9,3,12,4,3,1,4,5,2,4,9,7,12,12,3,2
22231,#22231,Karacabey Belediye Spor A.Ş.,,50,63,2575,DL,15,4,7,3,6,9,2,11,5,10,9,6,6,6,11,11,8,9,1,1,1,2,1
28531,#28531,Kırklarelispor,Y,50,50,2173,GK,5,2,1,3,7,1,1,14,3,13,6,2,6,4,4,2,4,9,9,7,12,4,5
28541,#28541,Şanlıurfaspor,,50,57,2395,AMR/MR,4,9,13,3,8,4,11,13,6,11,9,13,4,6,15,10,4,13,2,1,1,1,1
28552,#28552,Ağrı 1970 Spor,,50,50,2429,ST,7,2,10,8,2,2,4,5,5,8,4,12,2,5,14,6,8,12,2,1,1,1,2
28837,#28837,Amed Sportif Faaliyetler,,50,68,2229,DC,8,2,2,3,4,7,1,9,3,12,10,5,15,3,5,6,6,8,2,1,3,3,2
29872,#29872,24Erzincanspor Reserves,,50,58,2460,ST,8,2,6,8,5,2,9,9,4,8,10,13,2,5,7,13,7,9,1,4,1,1,1
30734,#30734,Bucaspor 1928 Reserves,,50,61,2279,DMC/MC,8,4,1,4,11,15,6,7,7,12,1,4,7,8,7,7,5,7,2,1,4,1,1
30735,#30735,1922 Konyaspor,Y,50,58,1501,GK,6,2,1,2,5,1,2,9,2,11,9,3,4,3,10,3,4,11,8,12,11,4,2
32679,#32679,Karacabey Belediye Spor A.Ş.,,50,69,2542,ST,6,3,9,8,4,2,10,9,2,6,1,12,3,3,12,7,7,11,3,4,1,3,1
32937,#32937,Nazilli Belediyespor,,50,56,866,DMC/MC,8,2,2,4,9,9,6,15,10,13,3,7,5,5,11,7,6,13,1,4,3,1,1
30729,#30729,Kırşehir Belediye Spor,,49,49,2639,ST/AML/AMR,7,7,7,6,7,2,5,8,4,9,10,8,3,5,14,6,5,13,1,2,1,1,1
22247,#22247,Pazarspor,Y,48,48,1469,GK,6,2,2,2,5,2,2,6,3,12,12,5,7,3,10,3,6,9,8,7,5,5,5
28771,#28771,Pazarspor,,47,47,2486,AML/ML/ST,4,9,11,5,7,4,9,5,9,9,9,8,5,6,12,11,4,9,1,1,3,1,1
30784,#30784,Şanlıurfaspor,,47,47,1941,ST/MC,11,2,9,6,3,2,11,14,2,11,6,13,3,4,11,10,8,8,2,3,2,1,3
30788,#30788,Akhisarspor Reserves,,45,47,2132,DC/DMC,13,2,2,3,6,12,1,14,2,13,2,5,6,5,7,7,7,6,2,3,1,1,1
32934,#32934,Isparta 32 Spor,,45,71,1425,MC/DMC,7,3,4,2,11,7,7,15,9,12,6,8,5,8,10,7,5,11,2,2,1,2,1
22985,#22985,Zonguldak Kömürspor,,42,42,1468,DR,10,1,5,2,7,8,7,10,3,13,6,7,8,7,7,14,7,8,1,1,2,1,2
22116,#22116,Nazilli Belediyespor,,40,58,2298,ST,10,3,6,5,2,1,8,8,2,9,14,13,5,4,12,8,9,12,2,1,1,1,1
28665,#28665,Pazarspor Reserves,Y,35,61,1830,GK,9,1,1,1,3,2,1,8,2,11,8,2,6,3,10,3,4,10,5,13,8,3,2
32706,#32706,Şanlıurfaspor,,30,30,1715,ST,7,2,5,5,1,1,7,8,3,8,8,15,1,3,12,6,3,8,1,3,1,1,1
22633,#22633,Uşak Spor A.Ş.,,15,45,1740,DL/DML,7,5,2,1,1,6,4,9,3,8,10,7,4,6,10,6,2,11,2,4,1,3,1
28756,#28756,Uşak Spor A.Ş.,,15,51,2083,ST,8,1,6,2,1,1,8,10,2,5,4,11,2,6,13,8,3,9,2,1,2,2,1
