career,save_file,label,season,phase,active
bucaspor,bucaspor-2022-05-26.fms,bucaspor-2022-05-26,2022,2022-05-26,0
bucaspor,bucaspor-2022-06-19.fms,bucaspor-2022-06-19,2022,2022-06-19,0
bucaspor,bucaspor-2022-06-20.fms,bucaspor-2022-06-20,2023,2022-06-20,0
bucaspor,bucaspor-2023-04-01.fms,bucaspor-2023-04-01,2023,2023-04-01,0
bucaspor,bucaspor-2023-06-19.fms,bucaspor-2023-06-19,2023,2023-06-19,0
bucaspor,bucaspor-2023-06-20.fms,bucaspor-2023-06-20,2024,2023-06-20,0
bucaspor,bucaspor-2024-03-16.fms,bucaspor-2024-03-16,2024,2024-03-16,0
frem,frem-2021-06-27.fms,frem-2021-06-27,2022,2021-06-27,1
frem,frem-2022-04-02.fms,frem-2022-04-02,2022,2022-04-02,1
frem,frem-2022-06-26.fms,frem-2022-06-26,2022,2022-06-26,1
frem,frem-2022-06-29.fms,frem-2022-06-29,2022,2022-06-29,1
frem,frem-2022-07-01.fms,frem-2022-07-01,2023,2022-07-01,1
frem,frem-2022-09-01.fms,frem-2022-09-01,2023,2022-09-01,1
frem,frem-2022-10-01.fms,frem-2022-10-01,2023,2022-10-01,1
frem,frem-2023-01-10.fms,frem-2023-01-10,2023,2023-01-10,1
frem,frem-2023-06-26.fms,frem-2023-06-26,2023,2023-06-26,1
frem,frem-2023-06-29.fms,frem-2023-06-29,2023,2023-06-29,1
frem,frem-2023-06-30.fms,frem-2023-06-30,2024,2023-06-30,1
frem,frem-2023-07-02.fms,frem-2023-07-02,2024,2023-07-02,1
frem,frem-2024-01-05.fms,frem-2024-01-05,2024,2024-01-05,1
frem,frem-2024-06-02.fms,frem-2024-06-02,2024,2024-06-02,1
frem,frem-2024-06-28.fms,frem-2024-06-28,2024,2024-06-28,1
frem,frem-2024-06-30.fms,frem-2024-06-30,2025,2024-06-30,1
frem,frem-2024-11-22.fms,frem-2024-11-22,2025,2024-11-22,1
frem,frem-2025-06-10.fms,frem-2025-06-10,2025,2025-06-10,1
frem,frem-2025-06-29.fms,frem-2025-06-29,2025,2025-06-29,1
frem,frem-2025-07-01.fms,frem-2025-07-01,2026,2025-07-01,1
frem,frem-2025-12-14.fms,frem-2025-12-14,2026,2025-12-14,1
frem,frem-2026-03-28.fms,frem-2026-03-28,2026,2026-03-28,1
frem,frem-2026-06-11.fms,frem-2026-06-11,2026,2026-06-11,1
frem,frem-2026-06-29.fms,frem-2026-06-29,2026,2026-06-29,1
frem,frem-2026-07-02.fms,frem-2026-07-02,2027,2026-07-02,1
frem,frem-2027-05-01.fms,frem-2027-05-01,2027,2027-05-01,1
frem,frem-2027-06-15.fms,frem-2027-06-15,2027,2027-06-15,1
frem,frem-2027-06-29.fms,frem-2027-06-29,2027,2027-06-29,1
frem,frem-2027-07-02.fms,frem-2027-07-02,2028,2027-07-02,1
frem,frem-2027-08-09.fms,frem-2027-08-09,2028,2027-08-09,1
