method,role,attribute,category,weight
frem_attacking_ss,GK,reflexes,key,4
frem_attacking_ss,GK,handling,key,4
frem_attacking_ss,GK,positioning,key,4
frem_attacking_ss,GK,decisions,key,4
frem_attacking_ss,GK,kicking,important,3
frem_attacking_ss,GK,communication,important,3
frem_attacking_ss,GK,throwing,useful,2
frem_attacking_ss,GK,aerial,useful,2
frem_attacking_ss,CB,pace,key,4
frem_attacking_ss,CB,decisions,key,4
frem_attacking_ss,CB,tackling,key,4
frem_attacking_ss,CB,aerial,important,3
frem_attacking_ss,CB,positioning,important,3
frem_attacking_ss,CB,strength,useful,2
frem_attacking_ss,CB,technique,useful,2
frem_attacking_ss,LB,pace,key,4
frem_attacking_ss,LB,stamina,key,4
frem_attacking_ss,LB,crossing,key,4
frem_attacking_ss,LB,movement,important,3
frem_attacking_ss,LB,decisions,important,3
frem_attacking_ss,LB,positioning,important,3
frem_attacking_ss,LB,tackling,useful,2
frem_attacking_ss,LB,technique,useful,2
frem_attacking_ss,LB,teamwork,useful,2
frem_attacking_ss,RB,pace,key,4
frem_attacking_ss,RB,stamina,key,4
frem_attacking_ss,RB,crossing,key,4
frem_attacking_ss,RB,movement,important,3
frem_attacking_ss,RB,decisions,important,3
frem_attacking_ss,RB,positioning,important,3
frem_attacking_ss,RB,tackling,useful,2
frem_attacking_ss,RB,technique,useful,2
frem_attacking_ss,RB,teamwork,useful,2
frem_attacking_ss,DM,tackling,key,4
frem_attacking_ss,DM,decisions,key,4
frem_attacking_ss,DM,passing,key,4
frem_attacking_ss,DM,pace,key,4
frem_attacking_ss,DM,positioning,important,3
frem_attacking_ss,DM,stamina,important,3
frem_attacking_ss,DM,teamwork,important,3
frem_attacking_ss,DM,aggression,important,3
frem_attacking_ss,DM,strength,useful,2
frem_attacking_ss,DM,movement,useful,2
frem_attacking_ss,CM,passing,key,4
frem_attacking_ss,CM,decisions,key,4
frem_attacking_ss,CM,stamina,key,4
frem_attacking_ss,CM,teamwork,important,3
frem_attacking_ss,CM,movement,important,3
frem_attacking_ss,CM,creativity,important,3
frem_attacking_ss,CM,tackling,important,3
frem_attacking_ss,CM,shooting,useful,2
frem_attacking_ss,CM,technique,useful,2
frem_attacking_ss,CM,aggression,useful,2
frem_attacking_ss,CM,aerial,useful,2
frem_attacking_ss,AMC,movement,key,4
frem_attacking_ss,AMC,shooting,key,4
frem_attacking_ss,AMC,pace,key,4
frem_attacking_ss,AMC,decisions,important,3
frem_attacking_ss,AMC,technique,important,3
frem_attacking_ss,AMC,teamwork,important,3
frem_attacking_ss,AMC,dribbling,useful,2
frem_attacking_ss,AMC,creativity,useful,2
frem_attacking_ss,AMC,aerial,useful,2
frem_attacking_ss,AMC,stamina,useful,2
frem_attacking_ss,AML,pace,key,4
frem_attacking_ss,AML,shooting,key,4
frem_attacking_ss,AML,movement,key,4
frem_attacking_ss,AML,passing,important,3
frem_attacking_ss,AML,technique,important,3
frem_attacking_ss,AML,dribbling,important,3
frem_attacking_ss,AML,decisions,important,3
frem_attacking_ss,AML,teamwork,useful,2
frem_attacking_ss,AML,creativity,useful,2
frem_attacking_ss,AML,stamina,useful,2
frem_attacking_ss,AMR,pace,key,4
frem_attacking_ss,AMR,shooting,key,4
frem_attacking_ss,AMR,movement,key,4
frem_attacking_ss,AMR,passing,important,3
frem_attacking_ss,AMR,technique,important,3
frem_attacking_ss,AMR,dribbling,important,3
frem_attacking_ss,AMR,decisions,important,3
frem_attacking_ss,AMR,teamwork,useful,2
frem_attacking_ss,AMR,creativity,useful,2
frem_attacking_ss,AMR,stamina,useful,2
frem_attacking_ss,ST,shooting,key,4
frem_attacking_ss,ST,aerial,important,3
frem_attacking_ss,ST,decisions,important,3
frem_attacking_ss,ST,pace,important,3
frem_attacking_ss,ST,strength,important,3
frem_attacking_ss,ST,agility,useful,2
frem_attacking_ss,ST,movement,useful,2
frem_attacking_ss,ST,technique,useful,2
frem_minmax_4231,GK,decisions,key,4
frem_minmax_4231,GK,handling,key,4
frem_minmax_4231,GK,positioning,key,4
frem_minmax_4231,GK,reflexes,key,4
frem_minmax_4231,GK,communication,important,3
frem_minmax_4231,GK,kicking,important,3
frem_minmax_4231,GK,aerial,useful,2
frem_minmax_4231,GK,throwing,useful,2
frem_minmax_4231,LB,pace,important,3
frem_minmax_4231,LB,crossing,useful,2
frem_minmax_4231,LB,leadership,useful,2
frem_minmax_4231,LB,positioning,useful,2
frem_minmax_4231,LB,technique,useful,2
frem_minmax_4231,RB,pace,important,3
frem_minmax_4231,RB,crossing,useful,2
frem_minmax_4231,RB,leadership,useful,2
frem_minmax_4231,RB,positioning,useful,2
frem_minmax_4231,RB,technique,useful,2
frem_minmax_4231,CB,aerial,important,3
frem_minmax_4231,CB,pace,important,3
frem_minmax_4231,CB,positioning,important,3
frem_minmax_4231,CB,tackling,important,3
frem_minmax_4231,CB,strength,useful,2
frem_minmax_4231,DM,creativity,key,4
frem_minmax_4231,DM,dribbling,key,4
frem_minmax_4231,DM,passing,key,4
frem_minmax_4231,DM,positioning,important,3
frem_minmax_4231,DM,tackling,important,3
frem_minmax_4231,DM,teamwork,important,3
frem_minmax_4231,DM,decisions,useful,2
frem_minmax_4231,DM,shooting,useful,2
frem_minmax_4231,CM,agility,key,4
frem_minmax_4231,CM,technique,key,4
frem_minmax_4231,CM,decisions,important,3
frem_minmax_4231,CM,movement,important,3
frem_minmax_4231,CM,pace,important,3
frem_minmax_4231,CM,passing,important,3
frem_minmax_4231,CM,aggression,useful,2
frem_minmax_4231,CM,creativity,useful,2
frem_minmax_4231,CM,teamwork,useful,2
frem_minmax_4231,AMC,agility,key,4
frem_minmax_4231,AMC,technique,key,4
frem_minmax_4231,AMC,creativity,important,3
frem_minmax_4231,AMC,dribbling,important,3
frem_minmax_4231,AMC,shooting,important,3
frem_minmax_4231,ST,aerial,key,4
frem_minmax_4231,ST,movement,key,4
frem_minmax_4231,ST,shooting,key,4
frem_minmax_4231,ST,strength,key,4
frem_minmax_4231,ST,decisions,useful,2
