role_id,role_name_known,check_player,club,where_to_check,positions,alternatives,snapshots_with_id,role_name_confirmed
0,,Aske Fredeløkke,Frem,Manager's Best Eleven 2025/26,GK,"Jean Pierre Graabæk (Frem, Manager's Best Eleven 2024/25); Jean Pierre Graabæk (Frem, Manager's Best Eleven 2023/24); Mikkel Bruhn (Frem, Manager's Best Eleven 2022/23)",98,
1,Goalkeeper,Gustav Ullits,Frem,Current Frem squad: live player profile,GK,"Aske Fredeløkke (Frem, Current Frem squad: live player profile); Gustav Ullits (Frem, Manager's Best Eleven 2025/26); Jean Pierre Graabæk (Frem, Manager's Best Eleven 2025/26)",37,
2,,,,not seen in any list on this save,,,0,
3,,Kristoffer Dirksen,Frem,Manager's Best Eleven 2021/22,DR/DC,"Kristoffer Dirksen (Frem, All-Time Manager's Best Eleven); Max Aarons (Eintracht Frankfurt, World Best XI 2026/27); Dodo (FC Bayern, World Best XI 2026/27)",30,
4,,Hervé Buur,Frem,Current Frem squad: live player profile,DML/DL/ML,"Gregers Dehn (Frem, Current Frem squad: live player profile); Oliver Sonne (Frem, Current Frem squad: live player profile); Ludvig Henriksen (Frem, Current Frem squad: live player profile)",127,
5,Ball Playing Defender,Anton Pedersen,Frem,Manager's Best Eleven 2025/26,DC,"Filip Panjeskovic (Frem, Manager's Best Eleven 2025/26); Ruben Minerba (Frem, Manager's Best Eleven 2025/26); Daniel S. Jørgensen (Frem, Manager's Best Eleven 2024/25)",61,
6,,Joël Kabongo,Frem,Current Frem squad: live player profile,DC/DMC,"Anton Pedersen (Frem, Current Frem squad: live player profile); Filip Panjeskovic (Frem, Current Frem squad: live player profile); Johannes Henningsen (Frem, Current Frem squad: live player profile)",53,
7,,Emil Rosberg Møller,FC København,Manager's Best Eleven 2024/25,DC/DR,"Frederik Sundstrup (Frem, Manager's Best Eleven 2021/22); Rasmus Grønne (Frem, Manager's Best Eleven 2021/22); Emil Schou (Frem, Manager's Best Eleven 2021/22)",17,
8,,Mads-Emil Wass,Frem,Manager's Best Eleven 2024/25,AML/AMR/AMC/MR/ML/MC,,1,
9,Winger,Mads-Emil Wass,Frem,Current Frem squad: live player profile,AML/ML/AMR/AMC/MR/MC,"Marcelo Schöne (Frem, Manager's Best Eleven 2025/26); Mads-Emil Wass (Frem, Manager's Best Eleven 2025/26); Mounir Secka (Frem, Manager's Best Eleven 2025/26)",47,
10,,Marcelo Schöne,Frem,Current Frem squad: live player profile,AMR/AML/ML/MR/AMC,"Mounir Secka (Frem, Current Frem squad: live player profile); Andreas Schjelderup (FC Nordsjælland, Manager's Best Eleven 2024/25); Frederik Balslev (Frem, Manager's Best Eleven 2023/24)",40,
11,,Ivan Perišić,Inter,World Best XI 2021/22,ML/AML/DML,,1,
12,,Jakob Thøgersen,Frem,Current Frem squad: live player profile,AML/ML,"Aksel Behrndtz (Frem, Current Frem squad: live player profile); Frederik Ellegaard (Frem, Current Frem squad: live player profile); Isak Tånnander (Frem, Manager's Best Eleven 2025/26)",128,
13,,Oliver Sørensen,FC Midtjylland,Manager's Best Eleven 2025/26,MC/DMC/DC,"Oliver Sørensen (FC Midtjylland, Manager's Best Eleven 2024/25); Jakob Skovgaard (Frem, Manager's Best Eleven 2022/23); Jakob Skovgaard (Frem, Manager's Best Eleven 2021/22)",49,
14,,Frenkie de Jong,Barcelona,World Best XI 2026/27,MC/DMC/DC,"Rúben Neves (Man City, World Best XI 2026/27); Nicolò Rovella (Zebre, World Best XI 2025/26); Ivan Ilić (Verona, World Best XI 2024/25)",7,
15,Ball Winning Midfielder,Johannes Tjørnelund,Frem,Current Frem squad: live player profile,DMC/MC/DC,"Johannes Tjørnelund (Frem, Manager's Best Eleven 2025/26); Oliver Jeppe (Frem, Manager's Best Eleven 2025/26); Louka Pingel (Frem, Manager's Best Eleven 2025/26)",69,
16,,Andreas Garly,Frem,Current Frem squad: live player profile,MC/DMC,"Andreas Garly (Frem, Manager's Best Eleven 2025/26); Malthe Lindgaard (Frem, Manager's Best Eleven 2025/26); Andreas Garly (Frem, Manager's Best Eleven 2024/25)",29,
17,Advanced Playmaker,Yousef Bech,Frem,Current Frem squad: live player profile,AMC/AML/ML,"Jonathan Bech (Frem, Current Frem squad: live player profile); Noah Donovan (OB, Current Frem squad: live player profile); Lauge Sandgrav (Frem, Manager's Best Eleven 2025/26)",119,
18,,Mikkel Lejbowicz,FC København,Manager's Best Eleven 2025/26,ST/AML,"Bertil Juel Andersen (Granada, Manager's Best Eleven 2025/26); Anders Noer (Frem, Manager's Best Eleven 2024/25); Mikkel Lejbowicz (FC København, Manager's Best Eleven 2024/25)",88,
19,,Anosike Ementa,Frem,Manager's Best Eleven 2025/26,ST,"Johan Nordberg (Frem, Manager's Best Eleven 2024/25); Anosike Ementa (Frem, Manager's Best Eleven 2024/25); Johan Nordberg (Frem, Manager's Best Eleven 2023/24)",22,
20,,Karim Benzema,R. Madrid,World Best XI 2021/22,ST,"Andreas Voglsammer (Union Berlin, World Best XI 2021/22)",2,
21,,Joachim Rothmann,Frem,Current Frem squad: live player profile,ST,"Magnus Harboe (Frem, Current Frem squad: live player profile); Adam Jakobsen (Frem, Manager's Best Eleven 2024/25); Adam Jakobsen (Frem, Manager's Best Eleven 2023/24)",20,
22,,Johan Nordberg,Frem,Current Frem squad: live player profile,AMC/ST,"Peter Smith (Frem, Current Frem squad: live player profile); Anosike Ementa (Frem, Current Frem squad: live player profile); Johan Nordberg (Frem, Manager's Best Eleven 2025/26)",60,
23,,Emil Højlund,FC København,Manager's Best Eleven 2021/22,ST,"Emil Højlund (FC København, All-Time Manager's Best Eleven)",3,
24,,Jonathan Bech,Frem,Manager's Best Eleven 2025/26,AMC/MR/MC/DMR/AML/ML/DML,"Philip Herslov (Frem, Manager's Best Eleven 2023/24); Lucas Lodberg (Frem, Manager's Best Eleven 2023/24); Johan Nordberg (Frem, Manager's Best Eleven 2022/23)",25,
25,,Joël Kabongo,Frem,Manager's Best Eleven 2025/26,DC/DMC,"Joël Kabongo (Frem, Manager's Best Eleven 2024/25); Joël Kabongo (Frem, All-Time Manager's Best Eleven); Robin Koch (Leeds, World Best XI 2021/22)",4,
26,,Lucas Lodberg,Frem,Manager's Best Eleven 2021/22,AMC/MC/AMR/AML,"Lucas Lodberg (Frem, All-Time Manager's Best Eleven); Hamed Traoré (Sassuolo, World Best XI 2026/27); Ryan Christie (Brentford, World Best XI 2026/27)",17,
27,,Jakob Larsen,Frem,Manager's Best Eleven 2024/25,DR/DMR,"Pervis Estupiñán (Villarreal, World Best XI 2021/22)",2,
28,,Oliver Sonne,Frem,Manager's Best Eleven 2025/26,DL/DR,"Matteo Grosso (Frem, Manager's Best Eleven 2024/25); Matteo Grosso (Frem, Manager's Best Eleven 2023/24); Noyan Adelgaard (Frem, Manager's Best Eleven 2021/22)",6,
29,,Rodri,Man City,World Best XI 2026/27,DMC/MC,"Rodri (Man City, World Best XI 2025/26); Declan Rice (Tottenham, World Best XI 2024/25); Declan Rice (Tottenham, World Best XI 2023/24)",6,
30,,Federico Valverde,R. Madrid,World Best XI 2025/26,DMC/MC,"Bryan Cristante (Roma, World Best XI 2021/22)",2,
31,,Matteo Pessina,Atalanta,World Best XI 2025/26,AMC/MC,"Donny van de Beek (Man UFC, World Best XI 2023/24)",2,
32,,Tochi Chukwuani,FC Nordsjælland,Current Frem squad: live player profile,MC/DMC/AMC,"Tochi Chukwuani (FC Nordsjælland, Manager's Best Eleven 2025/26); Mathias Thrane (Frem, Manager's Best Eleven 2024/25); Tochi Chukwuani (FC Nordsjælland, Manager's Best Eleven 2024/25)",38,
